-- phpMyAdmin SQL Dump
-- version 4.8.3
-- https://www.phpmyadmin.net/
--
-- Host: localhost:3306
-- Waktu pembuatan: 23 Apr 2019 pada 10.54
-- Versi server: 10.2.23-MariaDB
-- Versi PHP: 7.2.7

SET SQL_MODE = "NO_AUTO_VALUE_ON_ZERO";
SET AUTOCOMMIT = 0;
START TRANSACTION;
SET time_zone = "+00:00";


/*!40101 SET @OLD_CHARACTER_SET_CLIENT=@@CHARACTER_SET_CLIENT */;
/*!40101 SET @OLD_CHARACTER_SET_RESULTS=@@CHARACTER_SET_RESULTS */;
/*!40101 SET @OLD_COLLATION_CONNECTION=@@COLLATION_CONNECTION */;
/*!40101 SET NAMES utf8mb4 */;

--
-- Database: `u6719505_pemilu`
--

-- --------------------------------------------------------

--
-- Struktur dari tabel `activity`
--

CREATE TABLE `activity` (
  `id_activity` int(11) NOT NULL,
  `id_tps` int(11) NOT NULL,
  `suara_1` int(11) NOT NULL,
  `suara_2` int(11) NOT NULL,
  `jam` time NOT NULL
) ENGINE=InnoDB DEFAULT CHARSET=utf8mb4 COLLATE=utf8mb4_unicode_ci;

--
-- Dumping data untuk tabel `activity`
--

INSERT INTO `activity` (`id_activity`, `id_tps`, `suara_1`, `suara_2`, `jam`) VALUES
(7, 6, 0, 0, '14:46:35'),
(8, 7, 0, 0, '14:48:18'),
(9, 8, 0, 0, '15:46:43'),
(10, 9, 0, 0, '15:48:32'),
(11, 10, 0, 0, '15:48:49'),
(12, 11, 0, 0, '15:49:05'),
(13, 12, 0, 0, '15:49:19'),
(14, 13, 0, 0, '15:49:36'),
(15, 14, 0, 0, '15:50:00'),
(16, 15, 0, 0, '15:50:14'),
(17, 16, 0, 0, '15:50:29'),
(18, 17, 0, 0, '15:50:51'),
(19, 18, 0, 0, '15:51:10'),
(20, 19, 0, 0, '15:51:29'),
(21, 20, 0, 0, '15:51:54'),
(22, 21, 0, 0, '15:52:24'),
(23, 22, 0, 0, '15:53:01'),
(24, 23, 0, 0, '15:53:15'),
(25, 24, 0, 0, '15:53:31'),
(26, 25, 0, 0, '15:53:48'),
(27, 26, 0, 0, '15:54:01'),
(28, 27, 0, 0, '15:54:18'),
(29, 28, 0, 0, '15:54:50'),
(30, 29, 0, 0, '15:55:05'),
(31, 30, 0, 0, '15:55:18'),
(32, 31, 0, 0, '15:55:32'),
(33, 32, 0, 0, '15:55:45'),
(34, 33, 0, 0, '15:55:58'),
(35, 34, 0, 0, '15:56:12'),
(36, 35, 0, 0, '15:56:24'),
(37, 36, 0, 0, '15:56:41'),
(38, 37, 0, 0, '15:57:08'),
(39, 38, 0, 0, '15:57:21'),
(40, 39, 0, 0, '15:57:36'),
(41, 40, 0, 0, '15:58:06'),
(42, 41, 0, 0, '15:58:20'),
(43, 42, 0, 0, '15:58:33'),
(44, 43, 0, 0, '15:58:46'),
(45, 44, 0, 0, '15:58:58'),
(46, 45, 0, 0, '15:59:12'),
(47, 46, 0, 0, '15:59:25'),
(48, 47, 0, 0, '16:00:13'),
(49, 48, 0, 0, '16:00:27'),
(50, 49, 0, 0, '16:00:39'),
(52, 51, 0, 0, '16:02:45'),
(53, 52, 0, 0, '16:03:01'),
(54, 53, 0, 0, '16:03:14'),
(55, 54, 0, 0, '16:03:30'),
(56, 55, 0, 0, '16:03:42'),
(57, 56, 0, 0, '16:03:57'),
(58, 57, 0, 0, '16:04:12'),
(59, 58, 0, 0, '16:04:25'),
(60, 59, 0, 0, '16:04:42'),
(61, 60, 0, 0, '16:05:00'),
(62, 61, 0, 0, '16:05:23'),
(63, 62, 0, 0, '16:05:37'),
(64, 63, 0, 0, '16:05:51'),
(65, 64, 0, 0, '16:06:04'),
(66, 65, 0, 0, '16:06:50'),
(67, 66, 0, 0, '16:07:04'),
(68, 67, 0, 0, '16:07:42'),
(69, 68, 0, 0, '16:07:58'),
(70, 69, 0, 0, '16:08:13'),
(71, 70, 0, 0, '16:08:30'),
(72, 71, 0, 0, '16:08:45'),
(73, 72, 0, 0, '16:09:00'),
(74, 73, 0, 0, '16:09:15'),
(75, 74, 0, 0, '16:09:35'),
(76, 75, 0, 0, '16:09:50'),
(77, 76, 0, 0, '16:10:06'),
(78, 77, 0, 0, '16:10:29'),
(79, 78, 0, 0, '16:10:45'),
(80, 79, 0, 0, '16:11:54'),
(81, 80, 0, 0, '16:12:11'),
(82, 81, 0, 0, '16:12:28'),
(83, 82, 0, 0, '16:12:38'),
(84, 83, 0, 0, '16:12:42'),
(85, 84, 0, 0, '16:13:19'),
(86, 85, 0, 0, '16:13:33'),
(87, 86, 0, 0, '16:13:49'),
(88, 87, 0, 0, '16:14:03'),
(89, 88, 0, 0, '16:14:19'),
(90, 89, 0, 0, '16:14:40'),
(91, 90, 0, 0, '16:14:57'),
(92, 91, 0, 0, '16:15:18'),
(93, 92, 0, 0, '16:15:33'),
(94, 93, 0, 0, '16:15:47'),
(95, 94, 0, 0, '16:16:29'),
(96, 95, 0, 0, '16:16:47'),
(97, 96, 0, 0, '16:17:02'),
(98, 97, 0, 0, '16:17:09'),
(99, 98, 0, 0, '16:17:17'),
(100, 99, 0, 0, '16:17:36'),
(101, 100, 0, 0, '16:17:51'),
(102, 101, 0, 0, '16:18:08'),
(103, 102, 0, 0, '16:18:33'),
(104, 103, 0, 0, '16:18:50'),
(105, 104, 0, 0, '16:19:06'),
(106, 105, 0, 0, '16:19:23'),
(107, 106, 0, 0, '16:19:50'),
(108, 107, 0, 0, '16:20:19'),
(109, 108, 0, 0, '16:20:36'),
(110, 109, 0, 0, '16:20:55'),
(111, 110, 0, 0, '16:22:47'),
(112, 111, 0, 0, '16:23:35'),
(113, 112, 0, 0, '16:24:41'),
(114, 114, 0, 0, '16:48:10'),
(119, 119, 0, 0, '16:51:33'),
(120, 120, 0, 0, '16:52:09'),
(123, 123, 0, 0, '16:53:45'),
(124, 124, 0, 0, '16:54:07'),
(126, 126, 0, 0, '16:55:23'),
(129, 129, 0, 0, '16:56:39'),
(133, 133, 0, 0, '16:58:18'),
(190, 190, 0, 0, '17:24:04'),
(222, 222, 0, 0, '17:41:50'),
(223, 223, 0, 0, '17:42:15'),
(224, 224, 0, 0, '17:42:45'),
(225, 225, 0, 0, '17:44:22'),
(226, 226, 0, 0, '17:51:17'),
(227, 227, 0, 0, '17:53:06'),
(228, 228, 0, 0, '18:00:18'),
(229, 229, 0, 0, '18:03:26'),
(230, 230, 0, 0, '18:08:25'),
(231, 231, 0, 0, '18:12:35'),
(232, 232, 0, 0, '18:15:30'),
(233, 233, 0, 0, '18:21:42'),
(234, 234, 0, 0, '18:23:55'),
(235, 235, 0, 0, '18:25:47'),
(238, 238, 0, 0, '18:31:50'),
(239, 239, 0, 0, '18:32:23'),
(240, 240, 0, 0, '18:32:56'),
(242, 242, 0, 0, '18:33:58'),
(243, 243, 0, 0, '18:34:33'),
(244, 244, 0, 0, '18:35:00'),
(245, 245, 0, 0, '18:36:21'),
(246, 246, 0, 0, '18:36:55'),
(247, 247, 0, 0, '18:37:21'),
(248, 248, 0, 0, '18:37:44'),
(249, 249, 0, 0, '18:38:12'),
(250, 250, 0, 0, '18:38:31'),
(251, 251, 0, 0, '18:38:52'),
(252, 252, 0, 0, '18:39:18'),
(253, 253, 0, 0, '18:39:47'),
(254, 254, 0, 0, '18:40:10'),
(255, 255, 0, 0, '18:40:42'),
(256, 256, 0, 0, '18:41:30'),
(257, 257, 0, 0, '18:41:56'),
(258, 258, 0, 0, '18:42:18'),
(259, 259, 0, 0, '18:42:40'),
(260, 260, 0, 0, '18:43:12'),
(261, 261, 0, 0, '18:43:36'),
(262, 262, 0, 0, '18:43:58'),
(263, 263, 0, 0, '18:44:29'),
(264, 264, 0, 0, '18:44:50'),
(265, 265, 0, 0, '18:45:12'),
(266, 266, 0, 0, '18:45:43'),
(267, 267, 0, 0, '18:46:18'),
(268, 268, 0, 0, '18:46:55'),
(269, 269, 0, 0, '18:47:23'),
(270, 270, 0, 0, '18:48:08'),
(271, 271, 0, 0, '18:48:42'),
(272, 272, 0, 0, '18:49:36'),
(273, 273, 0, 0, '18:51:34'),
(274, 274, 0, 0, '18:57:57'),
(275, 275, 0, 0, '18:59:48'),
(276, 276, 0, 0, '19:00:49'),
(277, 277, 0, 0, '19:02:08'),
(279, 279, 0, 0, '19:03:22'),
(280, 280, 0, 0, '19:05:16'),
(281, 281, 0, 0, '19:05:57'),
(282, 282, 0, 0, '19:06:33'),
(283, 283, 0, 0, '19:07:33'),
(284, 284, 0, 0, '19:08:02'),
(285, 285, 0, 0, '19:08:48'),
(286, 286, 0, 0, '19:09:13'),
(287, 287, 0, 0, '19:09:37'),
(288, 288, 0, 0, '19:10:05'),
(289, 289, 0, 0, '19:10:54'),
(290, 290, 0, 0, '19:11:25'),
(291, 291, 0, 0, '19:12:09'),
(292, 292, 0, 0, '19:12:48'),
(293, 293, 0, 0, '19:13:28'),
(294, 294, 0, 0, '19:13:59'),
(295, 295, 0, 0, '19:15:12'),
(296, 296, 0, 0, '19:15:38'),
(297, 297, 0, 0, '19:16:14'),
(298, 298, 0, 0, '19:16:19'),
(299, 299, 0, 0, '19:16:55'),
(300, 300, 0, 0, '19:16:58'),
(301, 301, 0, 0, '19:17:27'),
(302, 302, 0, 0, '19:17:45'),
(303, 303, 0, 0, '19:18:01'),
(304, 304, 0, 0, '19:18:35'),
(305, 305, 0, 0, '19:19:04'),
(306, 306, 0, 0, '19:19:46'),
(307, 307, 0, 0, '19:20:13'),
(308, 308, 0, 0, '19:20:14'),
(309, 309, 0, 0, '19:20:46'),
(310, 310, 0, 0, '19:20:49'),
(311, 311, 0, 0, '19:21:14'),
(312, 312, 0, 0, '19:21:27'),
(313, 313, 0, 0, '19:21:39'),
(314, 314, 0, 0, '19:22:04'),
(315, 315, 0, 0, '19:22:06'),
(316, 316, 0, 0, '19:22:36'),
(317, 317, 0, 0, '19:22:41'),
(318, 318, 0, 0, '19:23:18'),
(319, 319, 0, 0, '19:23:33'),
(320, 320, 0, 0, '19:23:55'),
(321, 321, 0, 0, '19:24:03'),
(322, 322, 0, 0, '19:24:26'),
(323, 323, 0, 0, '19:24:51'),
(324, 324, 0, 0, '19:24:58'),
(325, 325, 0, 0, '19:25:28'),
(326, 326, 0, 0, '19:25:31'),
(327, 327, 0, 0, '19:26:01'),
(328, 328, 0, 0, '19:26:04'),
(329, 329, 0, 0, '19:26:25'),
(330, 330, 0, 0, '19:26:42'),
(331, 331, 0, 0, '19:26:52'),
(333, 333, 0, 0, '19:27:44'),
(334, 334, 0, 0, '19:28:27'),
(335, 335, 0, 0, '19:28:53'),
(336, 336, 0, 0, '19:29:22'),
(337, 337, 0, 0, '19:30:20'),
(338, 338, 0, 0, '19:31:38'),
(339, 339, 0, 0, '19:33:18'),
(340, 340, 0, 0, '19:33:57'),
(341, 341, 0, 0, '19:35:10'),
(342, 342, 0, 0, '19:36:44'),
(343, 343, 0, 0, '19:37:25'),
(344, 344, 0, 0, '19:38:13'),
(345, 345, 0, 0, '19:38:51'),
(346, 346, 0, 0, '19:40:21'),
(347, 347, 0, 0, '19:41:02'),
(348, 348, 0, 0, '19:41:42'),
(349, 349, 0, 0, '19:42:26'),
(350, 350, 0, 0, '19:43:53'),
(351, 351, 0, 0, '19:46:39'),
(352, 352, 0, 0, '19:47:39'),
(353, 353, 0, 0, '19:48:17'),
(354, 354, 0, 0, '19:49:17'),
(355, 355, 0, 0, '19:49:58'),
(356, 356, 0, 0, '19:50:43'),
(357, 357, 0, 0, '19:51:30'),
(358, 358, 0, 0, '19:52:14'),
(359, 359, 0, 0, '19:53:50'),
(360, 360, 0, 0, '19:54:30'),
(361, 361, 0, 0, '19:55:13'),
(362, 362, 0, 0, '19:56:47'),
(363, 363, 0, 0, '19:57:29'),
(364, 364, 0, 0, '19:59:44'),
(365, 365, 0, 0, '20:01:03'),
(366, 366, 0, 0, '20:02:00'),
(367, 367, 0, 0, '20:02:43'),
(368, 368, 0, 0, '20:03:29'),
(369, 369, 0, 0, '20:04:08'),
(370, 370, 0, 0, '20:04:49'),
(371, 371, 0, 0, '20:05:37'),
(372, 372, 0, 0, '20:06:44'),
(373, 373, 0, 0, '20:07:27'),
(374, 374, 0, 0, '20:08:09'),
(375, 375, 0, 0, '20:08:50'),
(376, 376, 0, 0, '20:09:34'),
(377, 377, 0, 0, '20:10:17'),
(378, 378, 0, 0, '20:13:55'),
(379, 379, 0, 0, '20:15:06'),
(380, 380, 0, 0, '20:15:52'),
(381, 381, 0, 0, '20:16:35'),
(382, 382, 0, 0, '20:17:45'),
(383, 383, 0, 0, '20:18:31'),
(384, 384, 0, 0, '20:19:09'),
(385, 385, 0, 0, '20:19:56'),
(386, 386, 0, 0, '20:20:40'),
(387, 387, 0, 0, '20:21:20'),
(388, 388, 0, 0, '20:22:07'),
(389, 389, 0, 0, '20:24:17'),
(390, 390, 0, 0, '20:25:28'),
(391, 391, 0, 0, '20:26:12'),
(392, 392, 0, 0, '20:26:53'),
(393, 393, 0, 0, '20:28:58'),
(394, 394, 0, 0, '20:29:44'),
(395, 395, 0, 0, '20:30:27'),
(396, 396, 0, 0, '20:31:10'),
(397, 397, 0, 0, '20:32:09'),
(399, 399, 0, 0, '20:35:07'),
(400, 400, 0, 0, '20:35:56'),
(401, 401, 0, 0, '20:36:44'),
(402, 402, 0, 0, '20:37:32'),
(403, 403, 0, 0, '20:38:16'),
(404, 404, 0, 0, '20:39:04'),
(405, 405, 0, 0, '20:39:50'),
(406, 406, 0, 0, '20:48:20'),
(407, 407, 0, 0, '20:50:39'),
(408, 408, 0, 0, '20:51:31'),
(409, 409, 0, 0, '20:52:36'),
(410, 410, 0, 0, '20:53:19'),
(411, 411, 0, 0, '20:54:03'),
(412, 412, 0, 0, '20:54:53'),
(413, 413, 0, 0, '20:55:45'),
(414, 414, 0, 0, '20:56:32'),
(415, 415, 0, 0, '20:57:26'),
(416, 416, 0, 0, '20:58:49'),
(417, 417, 0, 0, '21:23:44'),
(418, 418, 0, 0, '21:24:31'),
(422, 422, 0, 0, '00:31:58'),
(423, 423, 0, 0, '00:34:32'),
(424, 424, 0, 0, '00:35:46'),
(425, 425, 0, 0, '00:37:14'),
(426, 426, 0, 0, '00:38:23'),
(427, 427, 0, 0, '00:39:32'),
(428, 428, 0, 0, '00:40:27'),
(429, 429, 0, 0, '00:41:51'),
(430, 430, 0, 0, '00:42:54'),
(431, 431, 0, 0, '00:44:23'),
(432, 432, 0, 0, '00:45:19'),
(433, 433, 0, 0, '00:47:06'),
(434, 434, 0, 0, '00:48:11'),
(435, 435, 0, 0, '00:49:19'),
(436, 436, 0, 0, '00:50:21'),
(437, 437, 0, 0, '00:51:42'),
(438, 438, 0, 0, '00:52:58'),
(439, 439, 0, 0, '12:59:08'),
(440, 440, 0, 0, '01:00:17'),
(441, 441, 0, 0, '01:01:14'),
(443, 443, 0, 0, '01:06:08'),
(444, 444, 0, 0, '01:07:39'),
(445, 445, 0, 0, '01:09:08'),
(446, 446, 0, 0, '01:10:09'),
(447, 447, 0, 0, '01:11:40'),
(448, 448, 0, 0, '01:12:34'),
(449, 449, 0, 0, '01:13:30'),
(450, 450, 0, 0, '01:15:07'),
(451, 451, 0, 0, '01:17:05'),
(452, 452, 0, 0, '01:18:11'),
(453, 453, 0, 0, '01:19:29'),
(454, 454, 0, 0, '01:20:37'),
(455, 455, 0, 0, '01:21:34'),
(456, 456, 0, 0, '01:23:05'),
(457, 457, 0, 0, '01:24:09'),
(458, 458, 0, 0, '01:25:04'),
(459, 459, 0, 0, '01:26:39'),
(460, 460, 0, 0, '01:27:37'),
(461, 461, 0, 0, '01:28:43'),
(462, 462, 0, 0, '01:30:03'),
(463, 463, 0, 0, '01:31:08'),
(464, 464, 0, 0, '01:32:21'),
(465, 465, 0, 0, '01:33:35'),
(466, 466, 0, 0, '01:34:37'),
(467, 467, 0, 0, '01:35:34'),
(468, 468, 0, 0, '01:36:40'),
(469, 469, 0, 0, '01:37:42'),
(470, 470, 0, 0, '01:38:41'),
(471, 471, 0, 0, '01:40:00'),
(472, 472, 0, 0, '01:40:59'),
(473, 473, 0, 0, '01:42:03'),
(474, 474, 0, 0, '01:43:15'),
(475, 475, 0, 0, '01:47:54'),
(476, 476, 0, 0, '01:51:39'),
(477, 477, 0, 0, '01:52:52'),
(478, 478, 0, 0, '01:54:59'),
(479, 479, 0, 0, '01:55:54'),
(480, 480, 0, 0, '01:56:59'),
(481, 481, 0, 0, '01:57:56'),
(482, 482, 0, 0, '01:58:59'),
(483, 483, 0, 0, '02:00:51'),
(484, 484, 0, 0, '02:02:00'),
(485, 485, 0, 0, '02:03:00'),
(486, 486, 0, 0, '02:03:53'),
(487, 487, 0, 0, '02:05:01'),
(488, 488, 0, 0, '02:06:16'),
(489, 489, 0, 0, '02:07:12'),
(490, 490, 0, 0, '02:08:23'),
(491, 491, 0, 0, '02:09:42'),
(492, 492, 0, 0, '02:11:03'),
(493, 493, 0, 0, '02:14:09'),
(494, 494, 0, 0, '02:15:40'),
(495, 495, 0, 0, '02:17:45'),
(496, 496, 0, 0, '02:18:50'),
(497, 497, 0, 0, '02:20:44'),
(498, 498, 0, 0, '02:22:28'),
(499, 499, 0, 0, '02:23:38'),
(500, 500, 0, 0, '02:24:51'),
(501, 501, 0, 0, '02:25:59'),
(502, 502, 0, 0, '02:27:01'),
(503, 503, 0, 0, '02:28:01'),
(504, 504, 0, 0, '02:29:12'),
(505, 505, 0, 0, '02:30:10'),
(506, 506, 0, 0, '02:50:59'),
(507, 507, 0, 0, '02:51:58'),
(508, 508, 0, 0, '02:53:08'),
(509, 509, 0, 0, '02:56:35'),
(510, 510, 0, 0, '02:57:36'),
(511, 511, 0, 0, '02:58:35'),
(512, 512, 0, 0, '02:59:41'),
(513, 513, 0, 0, '03:01:04'),
(514, 514, 0, 0, '03:02:06'),
(515, 515, 0, 0, '03:03:16'),
(516, 516, 0, 0, '03:04:16'),
(517, 517, 0, 0, '03:05:17'),
(518, 518, 0, 0, '03:06:43'),
(519, 519, 0, 0, '03:07:49'),
(520, 520, 0, 0, '03:08:53'),
(521, 521, 0, 0, '03:10:44'),
(522, 522, 0, 0, '03:12:40'),
(523, 296, 163, 77, '14:13:26'),
(524, 301, 173, 42, '14:14:09'),
(525, 313, 126, 78, '14:18:50'),
(526, 327, 157, 77, '14:19:45'),
(527, 329, 131, 102, '14:20:17'),
(528, 334, 147, 61, '14:20:55'),
(529, 500, 77, 71, '14:25:20'),
(530, 504, 112, 70, '14:30:08'),
(531, 338, 171, 53, '14:32:05'),
(532, 501, 84, 37, '14:32:06'),
(533, 439, 109, 56, '14:33:19'),
(534, 399, 186, 50, '14:33:42'),
(535, 488, 99, 59, '14:35:44'),
(536, 446, 113, 66, '14:38:02'),
(537, 309, 126, 74, '14:38:18'),
(538, 311, 103, 100, '14:38:59'),
(539, 315, 185, 59, '14:39:39'),
(540, 322, 198, 62, '14:40:41'),
(541, 515, 73, 71, '14:41:09'),
(542, 324, 147, 101, '14:41:42'),
(543, 433, 117, 108, '14:42:04'),
(544, 326, 125, 104, '14:42:28'),
(545, 336, 138, 63, '14:43:21'),
(546, 496, 90, 47, '14:44:02'),
(547, 119, 197, 67, '14:44:17'),
(548, 331, 88, 44, '14:45:06'),
(549, 517, 150, 88, '14:45:40'),
(550, 449, 111, 60, '14:47:18'),
(551, 335, 0, 0, '14:47:21'),
(552, 335, 81, 100, '14:48:06'),
(553, 68, 176, 15, '14:49:45'),
(554, 234, 109, 42, '14:51:26'),
(556, 458, 76, 29, '14:51:40'),
(557, 52, 130, 54, '14:52:27'),
(558, 514, 94, 60, '14:53:22'),
(559, 51, 139, 8, '14:53:24'),
(560, 239, 102, 67, '14:54:34'),
(561, 516, 155, 93, '14:54:56'),
(562, 34, 141, 41, '14:55:17'),
(563, 140, 119, 36, '14:57:04'),
(564, 69, 134, 29, '14:57:43'),
(565, 246, 100, 60, '14:57:44'),
(566, 497, 118, 53, '14:57:50'),
(567, 252, 140, 69, '14:58:09'),
(568, 265, 141, 18, '14:58:34'),
(569, 277, 169, 41, '14:59:07'),
(570, 174, 162, 79, '14:59:45'),
(571, 511, 69, 57, '14:59:46'),
(572, 502, 147, 60, '15:01:07'),
(574, 432, 101, 38, '15:02:44'),
(575, 97, 158, 35, '15:03:06'),
(576, 245, 195, 53, '15:03:38'),
(577, 250, 183, 58, '15:04:14'),
(578, 63, 148, 14, '15:05:02'),
(579, 253, 161, 6, '15:05:05'),
(580, 254, 144, 42, '15:05:38'),
(581, 255, 200, 50, '15:06:14'),
(582, 256, 163, 49, '15:06:48'),
(583, 455, 137, 79, '15:07:53'),
(584, 263, 208, 39, '15:07:55'),
(585, 54, 165, 18, '15:08:44'),
(586, 264, 136, 30, '15:09:15'),
(587, 23, 156, 26, '15:09:21'),
(588, 423, 99, 76, '15:09:27'),
(589, 24, 195, 22, '15:09:49'),
(590, 269, 147, 7, '15:10:44'),
(591, 32, 140, 49, '15:11:12'),
(592, 274, 125, 31, '15:11:15'),
(593, 275, 176, 28, '15:11:43'),
(594, 280, 169, 41, '15:12:16'),
(595, 56, 143, 40, '15:12:27'),
(596, 154, 106, 18, '15:14:04'),
(597, 177, 156, 65, '15:15:37'),
(598, 316, 150, 100, '15:15:45'),
(599, 319, 160, 103, '15:16:15'),
(600, 31, 160, 26, '15:18:37'),
(601, 293, 126, 40, '15:18:52'),
(602, 247, 193, 52, '15:19:59'),
(603, 62, 193, 12, '15:20:51'),
(604, 499, 138, 53, '15:25:34'),
(605, 401, 185, 49, '15:28:19'),
(606, 507, 88, 75, '15:29:31'),
(607, 226, 173, 65, '15:31:06'),
(608, 240, 139, 30, '15:32:03'),
(609, 506, 69, 40, '15:33:26'),
(610, 498, 118, 62, '15:37:22'),
(611, 259, 108, 36, '15:39:16'),
(612, 260, 183, 58, '15:40:43'),
(613, 271, 143, 34, '15:41:27'),
(614, 434, 112, 57, '15:41:38'),
(615, 272, 150, 35, '15:42:14'),
(616, 281, 149, 57, '15:43:14'),
(617, 276, 227, 29, '15:45:32'),
(618, 28, 108, 15, '15:45:40'),
(619, 279, 167, 34, '15:45:58'),
(620, 282, 154, 36, '15:47:43'),
(621, 508, 115, 74, '15:48:00'),
(622, 283, 178, 52, '15:48:13'),
(623, 284, 160, 36, '15:48:49'),
(624, 437, 68, 3, '15:49:13'),
(625, 298, 155, 65, '15:49:35'),
(626, 303, 137, 37, '15:50:14'),
(627, 436, 133, 98, '15:52:39'),
(628, 271, 38, 0, '15:55:15'),
(629, 438, 147, 87, '15:57:40'),
(630, 285, 189, 49, '15:57:50'),
(631, 286, 165, 72, '15:58:15'),
(632, 65, 101, 8, '15:58:20'),
(633, 325, 196, 54, '15:59:00'),
(634, 232, 120, 24, '15:59:08'),
(635, 235, 141, 36, '15:59:51'),
(636, 238, 114, 114, '16:00:24'),
(637, 251, 196, 43, '16:01:00'),
(639, 261, 174, 78, '16:01:37'),
(640, 445, 139, 81, '16:01:51'),
(641, 262, 161, 79, '16:02:33'),
(642, 378, 118, 84, '16:02:50'),
(643, 435, 104, 37, '16:03:17'),
(644, 321, 173, 93, '16:03:20'),
(645, 447, 145, 67, '16:04:59'),
(646, 374, 123, 120, '16:08:11'),
(647, 476, 102, 65, '16:08:26'),
(648, 221, 81, 47, '16:10:16'),
(649, 225, 173, 60, '16:10:41'),
(650, 233, 162, 27, '16:11:24'),
(651, 307, 135, 54, '16:12:07'),
(652, 503, 151, 48, '16:16:10'),
(653, 365, 171, 76, '16:18:54'),
(654, 522, 189, 61, '16:19:31'),
(655, 343, 156, 66, '16:20:49'),
(656, 422, 121, 83, '16:23:20'),
(657, 424, 121, 95, '16:23:51'),
(658, 110, 103, 34, '16:24:00'),
(659, 425, 94, 54, '16:24:30'),
(660, 114, 124, 50, '16:24:34'),
(661, 333, 106, 72, '16:25:05'),
(662, 426, 96, 61, '16:25:18'),
(663, 294, 134, 64, '16:25:37'),
(664, 290, 182, 65, '16:26:13'),
(665, 230, 193, 95, '16:26:56'),
(666, 257, 210, 41, '16:27:23'),
(667, 495, 99, 55, '16:27:32'),
(668, 513, 94, 28, '16:32:17'),
(669, 459, 128, 23, '16:55:14'),
(670, 431, 59, 83, '16:59:33'),
(671, 448, 103, 38, '17:04:32'),
(672, 519, 175, 48, '17:06:25'),
(673, 520, 131, 58, '17:08:03'),
(674, 143, 130, 57, '17:10:01'),
(675, 521, 115, 56, '17:10:46'),
(676, 450, 139, 66, '17:14:52'),
(677, 149, 181, 68, '17:15:48'),
(678, 451, 82, 41, '17:17:21'),
(679, 148, 165, 104, '17:17:33'),
(680, 452, 112, 80, '17:19:34'),
(681, 453, 172, 65, '17:21:54'),
(682, 176, 107, 18, '17:24:29'),
(683, 454, 172, 55, '17:24:51'),
(684, 228, 209, 45, '17:32:02'),
(685, 82, 101, 124, '17:53:10'),
(686, 439, 7, 2, '17:56:11'),
(687, 439, 10, 5, '17:57:31'),
(689, 231, 133, 41, '18:00:53'),
(690, 244, 155, 81, '18:01:22'),
(691, 440, 110, 40, '18:02:32'),
(692, 305, 124, 60, '18:02:53'),
(693, 248, 125, 34, '18:03:22'),
(694, 249, 174, 58, '18:03:45'),
(695, 441, 66, 42, '18:03:50'),
(697, 258, 135, 50, '18:04:20'),
(698, 267, 159, 19, '18:05:02'),
(699, 268, 182, 28, '18:05:28'),
(700, 443, 112, 68, '18:05:58'),
(701, 291, 173, 4, '18:06:01'),
(702, 444, 141, 59, '18:07:36'),
(703, 518, 169, 45, '18:12:23'),
(704, 510, 134, 70, '18:14:23'),
(705, 430, 134, 70, '18:16:51'),
(706, 429, 158, 68, '18:21:27'),
(707, 509, 145, 82, '18:24:09'),
(708, 505, 132, 91, '18:26:08'),
(709, 428, 95, 71, '18:28:40'),
(710, 427, 98, 36, '18:31:30'),
(711, 33, 132, 27, '18:32:37'),
(712, 524, 0, 0, '18:37:53'),
(713, 525, 0, 0, '18:38:39'),
(714, 21, 98, 10, '18:39:10'),
(715, 526, 0, 0, '18:39:23'),
(716, 22, 188, 42, '18:39:38'),
(717, 527, 0, 0, '18:40:25'),
(718, 61, 138, 48, '18:41:43'),
(719, 528, 0, 0, '18:43:46'),
(720, 529, 0, 0, '18:45:30'),
(721, 39, 153, 35, '18:46:45'),
(722, 530, 0, 0, '18:48:10'),
(723, 59, 151, 36, '18:48:21'),
(724, 531, 0, 0, '18:48:58'),
(725, 532, 0, 0, '18:50:20'),
(726, 58, 127, 18, '18:51:11'),
(727, 533, 0, 0, '18:51:12'),
(728, 534, 0, 0, '18:52:05'),
(729, 535, 0, 0, '18:53:05'),
(730, 79, 181, 34, '18:53:12'),
(731, 536, 0, 0, '18:53:58'),
(732, 537, 0, 0, '18:54:47'),
(733, 94, 60, 45, '18:55:40'),
(734, 538, 0, 0, '18:55:57'),
(735, 95, 135, 65, '18:56:29'),
(736, 539, 0, 0, '18:56:53'),
(737, 540, 0, 0, '18:57:46'),
(738, 512, 130, 98, '18:57:47'),
(739, 541, 0, 0, '18:58:36'),
(740, 542, 0, 0, '18:59:39'),
(741, 543, 0, 0, '19:00:25'),
(742, 544, 0, 0, '19:01:14'),
(743, 545, 0, 0, '19:02:14'),
(744, 468, 109, 56, '19:02:55'),
(745, 546, 0, 0, '19:04:18'),
(746, 469, 132, 63, '19:04:35'),
(747, 465, 81, 38, '19:06:36'),
(748, 547, 0, 0, '19:07:35'),
(749, 466, 105, 39, '19:08:09'),
(750, 548, 0, 0, '19:09:01'),
(751, 467, 156, 32, '19:09:33'),
(752, 549, 0, 0, '19:09:48'),
(753, 550, 0, 0, '19:10:32'),
(754, 551, 0, 0, '19:11:18'),
(755, 552, 0, 0, '19:12:09'),
(756, 553, 0, 0, '19:13:08'),
(759, 556, 0, 0, '19:14:22'),
(760, 513, 0, 32, '19:18:42'),
(761, 8, 60, 7, '19:21:18'),
(762, 9, 171, 25, '19:22:11'),
(763, 10, 80, 15, '19:22:56'),
(764, 11, 76, 9, '19:23:58'),
(765, 13, 178, 26, '19:24:27'),
(766, 557, 0, 0, '19:25:09'),
(767, 14, 105, 41, '19:26:10'),
(768, 15, 95, 13, '19:26:56'),
(769, 558, 0, 0, '19:27:16'),
(770, 470, 193, 58, '19:27:42'),
(771, 16, 173, 53, '19:28:02'),
(772, 559, 0, 0, '19:28:42'),
(773, 17, 99, 19, '19:28:55'),
(774, 471, 135, 34, '19:29:22'),
(775, 560, 0, 0, '19:30:28'),
(777, 18, 80, 16, '19:32:36'),
(778, 562, 0, 0, '19:33:53'),
(779, 35, 192, 37, '19:34:32'),
(780, 36, 129, 32, '19:35:28'),
(782, 37, 159, 40, '19:36:52'),
(783, 563, 0, 0, '19:37:23'),
(784, 564, 0, 0, '19:38:49'),
(785, 38, 171, 25, '19:39:15'),
(786, 40, 150, 29, '19:40:18'),
(787, 565, 0, 0, '19:41:00'),
(788, 472, 104, 61, '19:41:14'),
(789, 42, 117, 9, '19:41:18'),
(790, 49, 148, 6, '19:42:22'),
(791, 566, 0, 0, '19:43:05'),
(792, 53, 201, 20, '19:43:25'),
(793, 473, 161, 62, '19:43:48'),
(794, 292, 180, 65, '19:44:04'),
(795, 64, 110, 20, '19:44:30'),
(796, 80, 135, 65, '19:45:33'),
(797, 567, 0, 0, '19:45:43'),
(798, 98, 72, 69, '19:46:34'),
(799, 568, 0, 0, '19:47:02'),
(800, 370, 196, 57, '19:47:53'),
(801, 99, 90, 93, '19:48:01'),
(802, 460, 118, 33, '19:48:53'),
(803, 456, 198, 45, '19:51:47'),
(804, 295, 182, 60, '19:52:21'),
(805, 461, 117, 39, '19:54:08'),
(806, 219, 153, 85, '19:54:57'),
(807, 227, 211, 58, '19:55:53'),
(808, 457, 130, 67, '19:56:18'),
(809, 229, 171, 65, '19:56:27'),
(810, 464, 61, 2, '20:00:03'),
(811, 266, 172, 34, '20:02:08'),
(812, 373, 161, 68, '20:02:46'),
(813, 464, 38, 59, '20:03:41'),
(814, 463, 109, 70, '20:06:01'),
(815, 290, 6, 0, '20:07:31'),
(816, 43, 128, 25, '20:08:54'),
(817, 44, 99, 11, '20:09:17'),
(818, 300, 203, 73, '20:09:17'),
(819, 57, 98, 35, '20:12:03'),
(820, 462, 87, 28, '20:12:13'),
(821, 60, 101, 93, '20:15:52'),
(822, 67, 110, 15, '20:18:47'),
(823, 86, 86, 44, '20:20:19'),
(824, 88, 78, 22, '20:21:32'),
(826, 92, 87, 16, '20:26:14'),
(827, 100, 124, 62, '20:27:23'),
(828, 112, 172, 92, '20:28:23'),
(829, 106, 186, 27, '20:31:58'),
(830, 243, 155, 81, '20:33:31'),
(831, 270, 143, 34, '20:34:49'),
(832, 273, 142, 29, '20:35:21'),
(833, 287, 172, 66, '20:36:04'),
(834, 289, 197, 75, '20:36:57'),
(835, 306, 177, 50, '20:46:23'),
(836, 524, 160, 88, '21:03:22'),
(837, 168, 128, 106, '21:08:12'),
(838, 299, 181, 48, '21:09:06'),
(839, 312, 143, 108, '21:18:28'),
(840, 314, 143, 75, '21:18:52'),
(841, 317, 165, 77, '21:19:17'),
(842, 323, 178, 75, '21:19:44'),
(843, 25, 208, 35, '21:20:08'),
(844, 363, 117, 125, '21:21:14'),
(845, 364, 153, 104, '21:21:58'),
(846, 366, 190, 70, '21:22:33'),
(847, 367, 190, 38, '21:23:05'),
(848, 368, 112, 70, '21:24:14'),
(849, 369, 151, 56, '21:24:44'),
(850, 371, 118, 79, '21:25:25'),
(851, 372, 158, 65, '21:26:12'),
(852, 375, 105, 125, '21:26:53'),
(853, 376, 113, 136, '21:27:16'),
(854, 377, 107, 59, '21:27:43'),
(855, 12, 128, 50, '21:31:20'),
(856, 569, 0, 0, '21:32:21'),
(857, 27, 102, 34, '21:33:44'),
(858, 570, 0, 0, '21:35:23'),
(859, 26, 151, 26, '21:36:09'),
(860, 571, 0, 0, '21:37:46'),
(861, 19, 94, 43, '21:37:49'),
(862, 20, 81, 19, '21:39:08'),
(863, 572, 0, 0, '22:18:22'),
(864, 573, 0, 0, '22:21:14'),
(865, 574, 0, 0, '22:28:13'),
(866, 575, 0, 0, '22:30:33'),
(867, 576, 0, 0, '22:37:52'),
(868, 577, 0, 0, '22:43:24'),
(869, 479, 139, 59, '22:50:05'),
(870, 478, 94, 42, '22:51:30'),
(871, 475, 65, 76, '22:53:03'),
(872, 29, 145, 22, '22:54:16'),
(873, 480, 48, 71, '22:55:12'),
(874, 41, 135, 37, '22:55:47'),
(875, 481, 80, 126, '22:56:51'),
(876, 55, 115, 26, '22:57:08'),
(877, 483, 91, 67, '22:59:14'),
(878, 74, 160, 23, '22:59:25'),
(879, 482, 74, 133, '23:01:02'),
(880, 484, 93, 48, '23:03:36'),
(881, 486, 77, 88, '23:06:07'),
(882, 485, 50, 129, '23:08:56'),
(883, 489, 94, 65, '23:11:16'),
(884, 487, 114, 40, '23:12:59'),
(885, 490, 96, 78, '23:18:00'),
(886, 491, 91, 31, '23:22:10'),
(887, 474, 66, 34, '23:26:27'),
(888, 492, 101, 58, '23:30:53'),
(889, 493, 129, 108, '23:35:16'),
(890, 494, 156, 80, '23:43:37'),
(891, 45, 138, 39, '23:44:06'),
(892, 477, 108, 39, '23:45:57'),
(893, 46, 173, 95, '23:46:12'),
(894, 403, 129, 92, '23:48:48'),
(895, 404, 120, 115, '23:50:02'),
(896, 30, 193, 75, '23:57:18'),
(897, 66, 168, 31, '00:00:35'),
(898, 77, 151, 26, '00:04:18'),
(899, 81, 69, 72, '00:11:55'),
(900, 83, 12, 32, '00:12:30'),
(901, 84, 135, 37, '00:14:23'),
(902, 89, 87, 57, '00:16:51'),
(903, 93, 155, 55, '00:18:44'),
(904, 96, 181, 68, '00:20:29'),
(905, 111, 152, 27, '00:21:12'),
(906, 120, 104, 20, '00:27:14'),
(907, 123, 152, 39, '00:29:49'),
(908, 124, 73, 60, '00:35:26'),
(909, 405, 75, 174, '00:36:41'),
(910, 126, 107, 91, '00:37:14'),
(911, 129, 115, 90, '00:40:14'),
(912, 133, 94, 22, '00:44:54'),
(913, 47, 132, 28, '00:46:47'),
(914, 48, 124, 63, '00:47:27'),
(915, 135, 106, 102, '00:50:53'),
(916, 144, 60, 54, '00:53:16'),
(917, 70, 124, 67, '00:54:22'),
(918, 71, 159, 92, '00:56:52'),
(919, 160, 166, 80, '00:58:21'),
(920, 72, 337, 199, '00:58:50'),
(921, 73, 190, 27, '01:00:41'),
(922, 161, 126, 56, '01:02:19'),
(923, 75, 125, 70, '01:03:44'),
(924, 162, 155, 37, '01:04:24'),
(925, 164, 160, 109, '01:05:12'),
(926, 76, 181, 22, '01:05:34'),
(927, 166, 116, 135, '01:06:57'),
(928, 78, 121, 76, '01:08:01'),
(929, 85, 121, 32, '01:10:20'),
(930, 87, 184, 0, '01:12:38'),
(931, 169, 226, 31, '01:12:57'),
(932, 90, 119, 75, '01:15:26'),
(933, 171, 181, 68, '01:15:58'),
(934, 91, 130, 84, '01:17:24'),
(935, 172, 175, 78, '01:19:43'),
(936, 101, 141, 75, '01:19:49'),
(937, 102, 158, 85, '01:22:26'),
(938, 179, 156, 98, '01:24:00'),
(939, 109, 130, 84, '01:25:28'),
(940, 182, 106, 102, '01:26:31'),
(941, 108, 120, 89, '01:27:13'),
(942, 408, 182, 72, '01:29:01'),
(943, 107, 8, 126, '01:29:29'),
(944, 413, 209, 36, '01:29:52'),
(945, 414, 228, 44, '01:30:35'),
(946, 105, 192, 1, '01:31:18'),
(947, 409, 181, 92, '01:31:54'),
(948, 104, 185, 26, '01:33:19'),
(949, 103, 145, 12, '01:35:54'),
(950, 183, 175, 65, '01:39:19'),
(951, 185, 87, 79, '01:42:45'),
(952, 189, 132, 48, '01:45:53'),
(953, 190, 94, 33, '01:48:51'),
(954, 194, 146, 123, '01:56:42'),
(955, 195, 148, 37, '01:58:58'),
(956, 198, 143, 91, '02:01:11'),
(957, 200, 208, 53, '02:03:00'),
(958, 202, 191, 1, '02:04:23'),
(959, 203, 155, 76, '02:09:09'),
(960, 204, 158, 73, '02:11:36'),
(961, 205, 173, 95, '02:13:54'),
(962, 206, 185, 26, '02:16:03'),
(963, 207, 198, 67, '02:17:57'),
(964, 208, 155, 76, '02:19:35'),
(965, 209, 60, 54, '02:21:33'),
(966, 211, 185, 26, '02:23:15'),
(967, 212, 97, 68, '02:24:49'),
(968, 213, 101, 77, '02:26:51'),
(970, 218, 87, 106, '02:30:17'),
(971, 222, 138, 18, '02:33:41'),
(972, 224, 175, 65, '02:35:24'),
(973, 525, 132, 49, '02:40:17'),
(974, 526, 130, 30, '02:42:29'),
(975, 527, 163, 78, '02:45:01'),
(976, 528, 155, 40, '02:46:56'),
(977, 529, 99, 57, '02:48:51'),
(978, 530, 178, 41, '02:50:36'),
(979, 531, 139, 62, '02:52:48'),
(980, 532, 147, 93, '02:55:01'),
(981, 533, 176, 60, '02:56:39'),
(982, 534, 172, 98, '02:58:37'),
(983, 535, 158, 80, '03:00:24'),
(984, 536, 142, 61, '03:02:02'),
(985, 537, 147, 76, '03:03:58'),
(986, 538, 129, 102, '03:04:48'),
(987, 539, 136, 84, '03:05:32'),
(988, 540, 130, 59, '03:06:16'),
(989, 541, 208, 59, '03:07:07'),
(990, 542, 165, 58, '03:07:46'),
(991, 543, 145, 114, '03:08:39'),
(992, 544, 184, 70, '03:09:36'),
(993, 545, 139, 91, '03:10:18'),
(994, 546, 134, 65, '03:11:15'),
(995, 547, 172, 98, '03:13:12'),
(996, 548, 150, 40, '03:14:10'),
(997, 549, 158, 73, '03:14:52'),
(998, 550, 145, 65, '03:15:41'),
(999, 551, 160, 52, '03:16:56'),
(1000, 552, 119, 75, '03:18:05'),
(1001, 553, 166, 35, '03:18:58'),
(1002, 556, 119, 75, '03:20:44'),
(1003, 557, 164, 49, '03:21:27'),
(1004, 558, 132, 90, '03:22:28'),
(1005, 559, 125, 70, '03:24:07'),
(1006, 560, 124, 67, '03:25:05'),
(1007, 562, 159, 92, '03:25:50'),
(1008, 563, 121, 76, '03:26:36'),
(1009, 564, 141, 75, '03:28:08'),
(1010, 565, 124, 63, '03:28:54'),
(1011, 566, 121, 32, '03:29:34'),
(1012, 567, 172, 79, '03:30:19'),
(1013, 568, 154, 60, '03:31:04'),
(1014, 569, 189, 30, '03:31:50'),
(1015, 570, 133, 111, '03:32:33'),
(1016, 571, 181, 47, '03:33:29'),
(1017, 572, 145, 95, '03:34:22'),
(1018, 573, 80, 79, '03:35:07'),
(1019, 574, 64, 153, '03:35:54'),
(1020, 575, 138, 48, '03:36:35'),
(1021, 576, 162, 83, '03:37:14'),
(1022, 577, 114, 62, '03:37:49'),
(1023, 400, 180, 51, '07:49:33'),
(1024, 242, 133, 109, '08:14:56'),
(1025, 6, 148, 96, '08:25:08'),
(1026, 7, 150, 96, '08:26:26'),
(1027, 165, 162, 86, '08:26:46'),
(1028, 297, 119, 110, '08:27:27'),
(1030, 304, 127, 125, '08:29:40'),
(1031, 308, 125, 106, '08:31:57'),
(1032, 310, 92, 150, '08:32:18'),
(1033, 318, 189, 55, '08:33:03'),
(1034, 320, 159, 82, '08:33:27'),
(1035, 328, 115, 137, '08:33:54'),
(1036, 288, 180, 69, '08:35:13'),
(1037, 337, 173, 57, '08:38:25'),
(1038, 223, 137, 78, '10:53:56'),
(1040, 330, 117, 45, '11:03:08'),
(1041, 339, 155, 143, '11:03:59'),
(1042, 340, 122, 213, '11:06:10'),
(1043, 341, 134, 65, '11:09:45'),
(1044, 342, 165, 94, '11:10:18'),
(1045, 344, 110, 108, '11:10:51'),
(1046, 345, 80, 113, '11:12:05'),
(1047, 346, 95, 81, '11:12:50'),
(1049, 347, 130, 141, '11:14:09'),
(1050, 348, 175, 97, '11:15:26'),
(1051, 349, 160, 50, '11:16:29'),
(1052, 350, 190, 45, '11:16:58'),
(1053, 351, 180, 75, '11:17:36'),
(1054, 352, 140, 45, '11:18:17'),
(1055, 353, 141, 47, '11:18:50'),
(1056, 354, 155, 85, '11:19:23'),
(1057, 355, 111, 85, '11:19:52'),
(1058, 356, 167, 75, '11:20:18'),
(1059, 357, 116, 57, '11:20:48'),
(1060, 302, 163, 63, '11:21:28'),
(1061, 358, 75, 100, '11:22:37'),
(1062, 359, 87, 56, '11:23:09'),
(1063, 360, 167, 101, '11:23:36'),
(1064, 361, 77, 45, '11:25:10'),
(1065, 362, 97, 45, '11:25:57'),
(1066, 379, 180, 50, '11:26:59'),
(1067, 380, 157, 45, '11:27:33'),
(1068, 381, 161, 64, '11:28:04'),
(1069, 382, 75, 70, '11:28:49'),
(1070, 383, 85, 30, '11:29:25'),
(1071, 384, 78, 45, '11:30:03'),
(1072, 385, 77, 30, '11:30:39'),
(1073, 386, 47, 100, '11:31:15'),
(1074, 387, 85, 70, '11:31:44'),
(1075, 388, 167, 98, '11:32:17'),
(1076, 389, 67, 30, '11:32:48'),
(1077, 390, 180, 112, '11:33:22'),
(1078, 391, 79, 60, '11:33:46'),
(1079, 392, 115, 100, '11:34:15'),
(1080, 393, 175, 160, '11:34:43'),
(1081, 394, 190, 113, '11:35:14'),
(1082, 395, 195, 114, '11:35:59'),
(1083, 396, 77, 73, '11:36:27'),
(1084, 397, 57, 71, '11:37:34'),
(1085, 406, 88, 34, '11:38:24'),
(1086, 407, 183, 100, '11:38:56'),
(1087, 402, 105, 41, '11:39:26'),
(1088, 410, 194, 43, '11:40:16'),
(1089, 411, 130, 73, '11:41:00'),
(1090, 412, 140, 80, '11:41:32'),
(1091, 415, 150, 55, '11:41:58'),
(1092, 416, 168, 77, '11:43:21'),
(1093, 417, 190, 55, '11:43:51'),
(1094, 418, 236, 30, '11:44:14');

-- --------------------------------------------------------

--
-- Struktur dari tabel `admin`
--

CREATE TABLE `admin` (
  `id_admin` int(11) NOT NULL,
  `username` text COLLATE utf8mb4_unicode_ci NOT NULL,
  `password` text COLLATE utf8mb4_unicode_ci NOT NULL
) ENGINE=InnoDB DEFAULT CHARSET=utf8mb4 COLLATE=utf8mb4_unicode_ci;

--
-- Dumping data untuk tabel `admin`
--

INSERT INTO `admin` (`id_admin`, `username`, `password`) VALUES
(1, 'Admin', 'admin'),
(2, 'operator1', 'operator1'),
(3, 'operator2', 'operator2'),
(4, 'operator3', 'operator3'),
(5, 'operator4', 'operator4'),
(6, 'operator5', 'operator5');

-- --------------------------------------------------------

--
-- Struktur dari tabel `foto`
--

CREATE TABLE `foto` (
  `id_foto` int(11) NOT NULL,
  `id_tps` int(11) NOT NULL,
  `foto` text COLLATE utf8mb4_unicode_ci NOT NULL,
  `waktu` datetime NOT NULL
) ENGINE=InnoDB DEFAULT CHARSET=utf8mb4 COLLATE=utf8mb4_unicode_ci;

--
-- Dumping data untuk tabel `foto`
--

INSERT INTO `foto` (`id_foto`, `id_tps`, `foto`, `waktu`) VALUES
(1, 388, 'img.jpg', '2019-04-17 00:30:11'),
(5, 399, 'img-04094833-TPS 01 Gulurejo.jpeg', '2019-04-17 09:48:33'),
(6, 400, 'img-04100108-TPS 02 Gulurejo.jpeg', '2019-04-17 10:01:08'),
(7, 401, 'img-04100211-TPS 03 Gulurejo.jpeg', '2019-04-17 10:02:11'),
(8, 402, 'img-04100257-Gulurejo 04.jpeg', '2019-04-17 10:02:57'),
(10, 404, 'img-04100357-gulurejo 06.jpeg', '2019-04-17 10:03:57'),
(11, 405, 'img-04100432-gulurejo 07.jpeg', '2019-04-17 10:04:32'),
(12, 233, 'img-04102740-Tps 06 Gilangharjo.jpg', '2019-04-17 10:27:40'),
(13, 238, 'img-04102857-Tps 09 Gilangharjo.jpg', '2019-04-17 10:28:57'),
(14, 239, 'img-04102929-Tps 10 Gilangharjo.jpg', '2019-04-17 10:29:29'),
(15, 406, 'img-04103330-gulurejo 08.jpeg', '2019-04-17 10:33:30'),
(16, 407, 'img-04103457-gulurejo 09.jpeg', '2019-04-17 10:34:57'),
(17, 408, 'img-04103527-gulurejo 10.jpeg', '2019-04-17 10:35:27'),
(18, 409, 'img-04103742-galurejo 11.jpeg', '2019-04-17 10:37:42'),
(19, 240, 'img-04105215-Tps 11 Gilangharjo.jpg', '2019-04-17 10:52:15'),
(20, 242, 'img-04105257-Tps 12 Gilangharjo.jpg', '2019-04-17 10:52:57'),
(21, 243, 'img-04105339-Tps 13 Gilangharjo.jpg', '2019-04-17 10:53:39'),
(22, 244, 'img-04105455-Tps 14 Gilangharjo.jpg', '2019-04-17 10:54:55'),
(23, 245, 'img-04105530-Tps 15 Gilangharjo.jpg', '2019-04-17 10:55:30'),
(24, 246, 'img-04105624-Tps 16 Gilangharjo.jpg', '2019-04-17 10:56:24'),
(25, 247, 'img-04105721-Tps 17 Gilangharjo.jpg', '2019-04-17 10:57:21'),
(26, 248, 'img-04105751-Tps 18 Gilangharjo.jpg', '2019-04-17 10:57:51'),
(27, 249, 'img-04110359-Tps 19 Gilangharjo.jpg', '2019-04-17 11:03:59'),
(28, 250, 'img-04110445-Tps 20 Gilangharjo.jpg', '2019-04-17 11:04:45'),
(29, 251, 'img-04110514-Tps 21 Gilangharjo.jpg', '2019-04-17 11:05:14'),
(30, 252, 'img-04110647-Tps 22 Gilangharjo.jpg', '2019-04-17 11:06:47'),
(31, 253, 'img-04110736-Tps 23 Gilangharjo.jpg', '2019-04-17 11:07:36'),
(32, 254, 'img-04110805-Tps 24 Gilangharjo.jpg', '2019-04-17 11:08:05'),
(33, 255, 'img-04110842-Tps 25 Gilangharjo.jpg', '2019-04-17 11:08:42'),
(34, 256, 'img-04110949-Tps 26 Gilangharjo.jpg', '2019-04-17 11:09:49'),
(35, 257, 'img-04111050-Tps 27 Gilangharjo.jpg', '2019-04-17 11:10:50'),
(36, 258, 'img-04111143-Tps 28 Gilangharjo.jpg', '2019-04-17 11:11:43'),
(37, 259, 'img-04111334-Tps 29 Gilangharjo.jpg', '2019-04-17 11:13:34'),
(38, 260, 'img-04111418-Tps 30 Gilangharjo.jpg', '2019-04-17 11:14:18'),
(39, 261, 'img-04111842-Tps 31 Gilangharjo.jpg', '2019-04-17 11:18:42'),
(40, 262, 'img-04111945-Tps 32 Gilangharjo.jpg', '2019-04-17 11:19:45'),
(41, 263, 'img-04112026-Tps 33 Gilangharjo.jpg', '2019-04-17 11:20:26'),
(42, 264, 'img-04112048-Tps 34 Gilangharjo.jpg', '2019-04-17 11:20:48'),
(43, 265, 'img-04112259-Tps 35 Gilangharjo.jpg', '2019-04-17 11:22:59'),
(44, 410, 'img-04112306-gulurejo 12.jpeg', '2019-04-17 11:23:06'),
(45, 411, 'img-04112332-gulurejo 13.jpeg', '2019-04-17 11:23:32'),
(46, 412, 'img-04112357-gulurejo 14.jpeg', '2019-04-17 11:23:57'),
(47, 261, 'img-04112907-Tps 31 Gilangharjo.jpg', '2019-04-17 11:29:07'),
(48, 262, 'img-04112936-Tps 32 Gilangharjo.jpg', '2019-04-17 11:29:36'),
(49, 414, 'img-04112943-gulurejo 16.jpeg', '2019-04-17 11:29:43'),
(50, 263, 'img-04113000-Tps 33 Gilangharjo.jpg', '2019-04-17 11:30:00'),
(51, 415, 'img-04113030-gulurejo 17.jpeg', '2019-04-17 11:30:30'),
(52, 266, 'img-04113111-Tps 36 Gilangharjo.jpg', '2019-04-17 11:31:11'),
(53, 33, 'img-04113139-TPS 26 SEMIN (2).jpeg', '2019-04-17 11:31:39'),
(54, 267, 'img-04113146-Tps 37 Gilangharjo.jpg', '2019-04-17 11:31:46'),
(55, 33, 'img-04113207-TPS 26 SEMIN.jpeg', '2019-04-17 11:32:07'),
(56, 416, 'img-04113213-gulurejo 18.jpeg', '2019-04-17 11:32:13'),
(57, 268, 'img-04113229-Tps 38 Gilangharjo.jpg', '2019-04-17 11:32:29'),
(58, 269, 'img-04113254-Tps 39 Gilangharjo.jpeg', '2019-04-17 11:32:54'),
(60, 418, 'img-04113354-gulurejo 20.jpeg', '2019-04-17 11:33:54'),
(61, 270, 'img-04113439-Tps 40 Gilangharjo.jpeg', '2019-04-17 11:34:39'),
(62, 271, 'img-04113502-Tps 41 Gilangharjo.jpeg', '2019-04-17 11:35:02'),
(63, 413, 'img-04113504-gulurejo 15.jpeg', '2019-04-17 11:35:04'),
(64, 272, 'img-04113533-Tps 42 Gilangharjo.jpg', '2019-04-17 11:35:33'),
(65, 273, 'img-04113558-Tps 43 Gilangharjo.jpg', '2019-04-17 11:35:58'),
(66, 274, 'img-04113627-Tps 44 Gilangharjo.jpg', '2019-04-17 11:36:27'),
(67, 275, 'img-04113659-Tps 45 Gilangharjo.jpg', '2019-04-17 11:36:59'),
(68, 417, 'img-04113716-gulurejo 19.jpeg', '2019-04-17 11:37:16'),
(69, 276, 'img-04113734-Tps 46 Gilangharjo.jpg', '2019-04-17 11:37:34'),
(70, 276, 'img-04113758-Tps 46 Gilangharjo 1.jpg', '2019-04-17 11:37:58'),
(71, 277, 'img-04113905-Tps 47 Gilangharjo.jpg', '2019-04-17 11:39:05'),
(72, 279, 'img-04113935-Tps 48 Gilangharjo.jpg', '2019-04-17 11:39:35'),
(73, 280, 'img-04114008-Tps 49 Gilangharjo.jpg', '2019-04-17 11:40:08'),
(74, 281, 'img-04114105-Tps 50 Gilangharjo.jpg', '2019-04-17 11:41:05'),
(75, 283, 'img-04114142-Tps 52 Gilangharjo.jpg', '2019-04-17 11:41:42'),
(76, 284, 'img-04114209-Tps 53 Gilangharjo.jpg', '2019-04-17 11:42:09'),
(77, 231, 'img-04114417-Tps 04 Gilangharjo.jpg', '2019-04-17 11:44:17'),
(78, 229, 'img-04114652-Tps 02 Gilangharjo.jpg', '2019-04-17 11:46:52'),
(79, 230, 'img-04114718-Tps 03 Gilangharjo.jpg', '2019-04-17 11:47:18'),
(80, 232, 'img-04114746-Tps 05 Gilangharjo.jpg', '2019-04-17 11:47:46'),
(81, 234, 'img-04114802-Tps 07 Gilangharjo.jpg', '2019-04-17 11:48:02'),
(82, 235, 'img-04114823-Tps 08 Gilangharjo.jpg', '2019-04-17 11:48:23'),
(84, 33, 'img-04115440-TPS 26 (4) SEMIN.jpeg', '2019-04-17 11:54:40'),
(86, 379, 'img-04121148-bendungan 1.jpeg', '2019-04-17 12:11:48'),
(87, 380, 'img-04121233-bendungan 2.jpeg', '2019-04-17 12:12:33'),
(88, 381, 'img-04121310-bendungan 3.jpeg', '2019-04-17 12:13:10'),
(89, 382, 'img-04121336-bendungan 4.jpeg', '2019-04-17 12:13:36'),
(90, 383, 'img-04121411-bendungan 5.jpeg', '2019-04-17 12:14:11'),
(91, 384, 'img-04121501-bendungan 6.jpeg', '2019-04-17 12:15:01'),
(92, 385, 'img-04121535-bendungan 7.jpeg', '2019-04-17 12:15:35'),
(93, 386, 'img-04122632-bendungan 8.jpeg', '2019-04-17 12:26:32'),
(94, 387, 'img-04122705-bendungan 9.jpeg', '2019-04-17 12:27:05'),
(95, 388, 'img-04122807-bendungan 10.jpeg', '2019-04-17 12:28:07'),
(96, 389, 'img-04122834-bendungan 11.jpeg', '2019-04-17 12:28:34'),
(97, 390, 'img-04122909-bendungan 12.jpeg', '2019-04-17 12:29:09'),
(98, 391, 'img-04123035-bendungan 13.jpeg', '2019-04-17 12:30:35'),
(99, 392, 'img-04123122-bendungan 14.jpeg', '2019-04-17 12:31:22'),
(100, 393, 'img-04123153-bendungan 15.jpeg', '2019-04-17 12:31:53'),
(101, 394, 'img-04123440-bendungan 16.jpeg', '2019-04-17 12:34:40'),
(102, 395, 'img-04123533-bendungan 17.jpeg', '2019-04-17 12:35:33'),
(103, 396, 'img-04123603-bendungan 18.jpeg', '2019-04-17 12:36:03'),
(104, 397, 'img-04123627-bendungan 19.jpeg', '2019-04-17 12:36:27'),
(105, 33, 'img-04125157-TPS SEMIN (3).jpeg', '2019-04-17 12:51:57'),
(106, 228, 'img-04125834-Tps 01 Gilangharjo.jpg', '2019-04-17 12:58:34'),
(107, 341, 'img-04125924-giripeni 1.jpeg', '2019-04-17 12:59:24'),
(108, 342, 'img-04010005-giri peni 2.jpeg', '2019-04-17 13:00:05'),
(109, 282, 'img-04010006-Tps 51 Gilangharjo.jpg', '2019-04-17 13:00:06'),
(110, 343, 'img-04010038-giri peni 3.jpeg', '2019-04-17 13:00:38'),
(111, 344, 'img-04010107-giri peni 4.jpeg', '2019-04-17 13:01:07'),
(112, 82, 'img-04010113-Tps 10 Srimartani.jpg', '2019-04-17 13:01:13'),
(113, 97, 'img-04010146-Tps 11 Srimartani.jpg', '2019-04-17 13:01:46'),
(114, 345, 'img-04010149-giri peni 5.jpeg', '2019-04-17 13:01:49'),
(115, 110, 'img-04010210-Tps 12 Srimartani.jpg', '2019-04-17 13:02:10'),
(116, 112, 'img-04010329-Tps 13 Srimartani.jpg', '2019-04-17 13:03:29'),
(117, 119, 'img-04010356-Tps 14 Srimartani.jpg', '2019-04-17 13:03:56'),
(118, 114, 'img-04010419-Tps 15 Srimartani.jpg', '2019-04-17 13:04:19'),
(119, 219, 'img-04010445-Tps 16 Srimartani.jpg', '2019-04-17 13:04:45'),
(120, 221, 'img-04010510-Tps 17 Srimartani.jpg', '2019-04-17 13:05:10'),
(121, 225, 'img-04010531-Tps 18 Srimartani.jpg', '2019-04-17 13:05:31'),
(122, 226, 'img-04010553-Tps 36 Srimartani.jpg', '2019-04-17 13:05:53'),
(123, 227, 'img-04010623-Tps 37 Srimartani.jpg', '2019-04-17 13:06:23'),
(124, 285, 'img-04010718-Tps 01 Tamanan.jpg', '2019-04-17 13:07:18'),
(125, 286, 'img-04010801-Tps 02 Tamanan.jpg', '2019-04-17 13:08:01'),
(126, 287, 'img-04010817-Tps 03 Tamanan.jpg', '2019-04-17 13:08:17'),
(127, 287, 'img-04011147-Tps 03 Tamanan.jpg', '2019-04-17 13:11:47'),
(128, 427, 'img-04014546-TPS 6 PATANGPULUHANN.jpeg', '2019-04-17 13:45:46'),
(129, 428, 'img-04014640-TPS 7 PATANGPULUHANNN.jpeg', '2019-04-17 13:46:40'),
(130, 430, 'img-04014753-TPS 9 PATANGPULUHAN.jpeg', '2019-04-17 13:47:53'),
(131, 431, 'img-04014825-TPS 10 PATANGPULUHAN.jpeg', '2019-04-17 13:48:25'),
(132, 432, 'img-04014913-TPS 11 PATANGPULUHAN.jpeg', '2019-04-17 13:49:13'),
(133, 433, 'img-04015009-TPS 12 PATANGPULUHAN.jpeg', '2019-04-17 13:50:09'),
(134, 434, 'img-04015052-TPS 13 PATANGPULUHAN.jpeg', '2019-04-17 13:50:52'),
(135, 435, 'img-04015127-TPS 14 PATANGPULUHAN.jpeg', '2019-04-17 13:51:27'),
(136, 436, 'img-04015201-TPS 15 PATANGPULUHAN.jpeg', '2019-04-17 13:52:01'),
(137, 437, 'img-04015312-TPS 16 PATANGPULUHAN.jpeg', '2019-04-17 13:53:12'),
(138, 438, 'img-04015416-TPS 17 PATANGPULUHAN.jpeg', '2019-04-17 13:54:16'),
(139, 439, 'img-04015509-TPS 1 PANEMBAHAN.jpeg', '2019-04-17 13:55:09'),
(140, 440, 'img-04015546-TPS 2 PANEMBAHAN.jpeg', '2019-04-17 13:55:46'),
(141, 441, 'img-04015617-TPS 3 PANEMBAHAN.jpeg', '2019-04-17 13:56:17'),
(142, 443, 'img-04015700-TPS 4 PANEMBAHAN.jpeg', '2019-04-17 13:57:00'),
(143, 444, 'img-04015740-TPS 5 PANEMBAHAN.jpeg', '2019-04-17 13:57:40'),
(144, 445, 'img-04015819-TPS 6 PANEMBAHAN.jpeg', '2019-04-17 13:58:19'),
(145, 446, 'img-04015855-TPS 7 PANEMBAHAN.jpeg', '2019-04-17 13:58:55'),
(146, 447, 'img-04015924-TPS 8 PANEMBAHAN.jpeg', '2019-04-17 13:59:24'),
(147, 288, 'img-04015940-Tps 04 Tamanan.jpg', '2019-04-17 13:59:40'),
(148, 448, 'img-04015956-TPS 9 PANEMBAHAN.jpeg', '2019-04-17 13:59:56'),
(149, 449, 'img-04020051-TPS 10 PANEMBAHAN.jpeg', '2019-04-17 14:00:51'),
(150, 289, 'img-04020122-Tps 05 Tamanan.jpg', '2019-04-17 14:01:22'),
(151, 450, 'img-04020127-11 PANEMBAHAN.jpeg', '2019-04-17 14:01:27'),
(152, 451, 'img-04020220-12 PANEMBAHAN.jpeg', '2019-04-17 14:02:20'),
(153, 290, 'img-04020231-Tps 06 Tamanan.jpg', '2019-04-17 14:02:31'),
(154, 452, 'img-04020258-13 PANEMBAHAN.jpeg', '2019-04-17 14:02:58'),
(155, 453, 'img-04020339-14 PANEMBAHAN.jpeg', '2019-04-17 14:03:39'),
(156, 454, 'img-04020414-15 PANEMBAHAN.jpeg', '2019-04-17 14:04:14'),
(157, 291, 'img-04020426-Tps 07 Tamanan.jpg', '2019-04-17 14:04:26'),
(158, 455, 'img-04020447-16 PANEMBAHAN.jpeg', '2019-04-17 14:04:47'),
(159, 292, 'img-04020447-Tps 08 Tamanan.jpg', '2019-04-17 14:04:47'),
(160, 456, 'img-04020516-17 PANEMBAHAN.jpeg', '2019-04-17 14:05:16'),
(161, 293, 'img-04020538-Tps 09 Tamanan.jpg', '2019-04-17 14:05:38'),
(162, 457, 'img-04020543-18 PANEMBAHAN.jpeg', '2019-04-17 14:05:43'),
(163, 458, 'img-04020609-19 PANEMBAHAN.jpeg', '2019-04-17 14:06:09'),
(164, 459, 'img-04020641-20 PANEMBAHAN.jpeg', '2019-04-17 14:06:41'),
(165, 460, 'img-04020717-21 PANEMBAHAN.jpeg', '2019-04-17 14:07:17'),
(166, 461, 'img-04020741-22 PANEMBAHAN.jpeg', '2019-04-17 14:07:41'),
(167, 462, 'img-04020811-23 PANEMBAHAN.jpeg', '2019-04-17 14:08:11'),
(168, 463, 'img-04020920-24 PANEMBAHAN.jpeg', '2019-04-17 14:09:20'),
(169, 294, 'img-04020945-Tps 10 Tamanan.jpg', '2019-04-17 14:09:45'),
(170, 464, 'img-04020956-25 PANEMBAHAN.jpeg', '2019-04-17 14:09:56'),
(171, 295, 'img-04021016-Tps 11 Tamanan.jpg', '2019-04-17 14:10:16'),
(172, 296, 'img-04021043-Tps 12 Tamanan.jpg', '2019-04-17 14:10:43'),
(173, 476, 'img-04021910-TPS 2 KADIPATEN.jpeg', '2019-04-17 14:19:10'),
(174, 479, 'img-04021948-TPS 5 KADIPATEN.jpeg', '2019-04-17 14:19:48'),
(175, 480, 'img-04022036-TPS 6 KADIPATEN.jpeg', '2019-04-17 14:20:36'),
(176, 298, 'img-04022213-Tps 13 Tamanan.jpg', '2019-04-17 14:22:13'),
(177, 300, 'img-04022257-Tps 14 Tamanan.jpg', '2019-04-17 14:22:57'),
(178, 305, 'img-04022413-Tps 17 Tamanan.jpg', '2019-04-17 14:24:13'),
(179, 306, 'img-04022444-Tps 18 Tamanan.jpg', '2019-04-17 14:24:44'),
(180, 307, 'img-04022513-Tps 19 Tamanan.jpg', '2019-04-17 14:25:13'),
(181, 309, 'img-04022537-Tps 20 Tamanan.jpg', '2019-04-17 14:25:37'),
(182, 311, 'img-04022632-Tps 21 Tamanan.jpg', '2019-04-17 14:26:32'),
(183, 500, 'img-04022653-kadip26.jpeg', '2019-04-17 14:26:53'),
(184, 313, 'img-04022710-Tps 22 Tamanan.jpg', '2019-04-17 14:27:10'),
(185, 500, 'img-04022726-kadipaten26.jpeg', '2019-04-17 14:27:26'),
(186, 315, 'img-04022739-Tps 23 Tamanan.jpg', '2019-04-17 14:27:39'),
(187, 500, 'img-04022758-kadipaten 26.jpeg', '2019-04-17 14:27:58'),
(188, 316, 'img-04022806-Tps 24 Tamanan.jpg', '2019-04-17 14:28:06'),
(189, 319, 'img-04022836-Tps 25 Tamanan 1.jpg', '2019-04-17 14:28:36'),
(190, 322, 'img-04022930-Tps 27 Tamanan.jpg', '2019-04-17 14:29:30'),
(191, 326, 'img-04023001-Tps 29 Tamanan.jpg', '2019-04-17 14:30:01'),
(192, 327, 'img-04023040-Tps 30 Tamanan.jpg', '2019-04-17 14:30:40'),
(193, 329, 'img-04023111-Tps 31 Tamanan.jpg', '2019-04-17 14:31:11'),
(194, 331, 'img-04023150-Tps 32 Tamanan.jpg', '2019-04-17 14:31:50'),
(195, 335, 'img-04023230-Tps 36 Tamanan.jpg', '2019-04-17 14:32:30'),
(196, 31, 'img-04024756-TPS 24 SEMIN.jpeg', '2019-04-17 14:47:56'),
(197, 445, 'img-04024936-panembahan 6.jpeg', '2019-04-17 14:49:36'),
(198, 68, 'img-04025054-TPS 04 KALIGETUK.jpeg', '2019-04-17 14:50:54'),
(200, 52, 'img-04025137-TPS 02 KEMEJING.jpeg', '2019-04-17 14:51:37'),
(201, 140, 'img-04025215-2b36fbee-b139-4b0d-9c6d-faaf7836332d.jpg', '2019-04-17 14:52:15'),
(202, 51, 'img-04025400-TPS 01 KEMEJING.jpeg', '2019-04-17 14:54:00'),
(203, 34, 'img-04025451-TPS 27 SEMIN.jpeg', '2019-04-17 14:54:51'),
(204, 69, 'img-04025820-TPS 05 KALIGETUK.jpeg', '2019-04-17 14:58:20'),
(205, 63, 'img-04030715-TPS 13 KEMEJING.jpeg', '2019-04-17 15:07:15'),
(206, 54, 'img-04030813-TPS 04 KEMEJING.jpeg', '2019-04-17 15:08:13'),
(207, 23, 'img-04031021-TPS 16 SEMIN.jpeg', '2019-04-17 15:10:21'),
(208, 24, 'img-04031046-TPS 17 SEMIN.jpeg', '2019-04-17 15:10:46'),
(209, 32, 'img-04031136-TPS 25 SEMIN.jpeg', '2019-04-17 15:11:36'),
(210, 56, 'img-04031311-TPS 6 KEMEJING.jpeg', '2019-04-17 15:13:11'),
(211, 56, 'img-04031340-TPS 6 KEMEJING (2).jpeg', '2019-04-17 15:13:40'),
(212, 423, 'img-04031520-patangpuluh02.jpeg', '2019-04-17 15:15:20'),
(213, 490, 'img-04031722-kadipaten 16.jpeg', '2019-04-17 15:17:22'),
(214, 502, 'img-04032038-patehan 1.jpeg', '2019-04-17 15:20:38'),
(215, 502, 'img-04032108-suara patehan 1.jpeg', '2019-04-17 15:21:08'),
(216, 62, 'img-04032120-TPS 12 KEMEJING.jpeg', '2019-04-17 15:21:20'),
(217, 504, 'img-04032238-patehan 3.jpeg', '2019-04-17 15:22:38'),
(218, 346, 'img-04032317-giri peni 6.jpeg', '2019-04-17 15:23:17'),
(219, 511, 'img-04032414-TPS 10 PATEHAN.jpeg', '2019-04-17 15:24:14'),
(220, 177, 'img-04032611-942712ee-8d7e-4184-a7f2-edae27184fc4.jpg', '2019-04-17 15:26:11'),
(221, 154, 'img-04032700-fb69b918-dfa7-4286-a896-9255b25a2749.jpg', '2019-04-17 15:27:00'),
(222, 499, 'img-04032701-kadipaten 25.jpeg', '2019-04-17 15:27:01'),
(223, 499, 'img-04032734-suara kadipaten 25.jpeg', '2019-04-17 15:27:34'),
(224, 174, 'img-04032852-df3f4bea-5f0e-4d68-ad82-68ea8d2b15db.jpg', '2019-04-17 15:28:52'),
(225, 507, 'img-04033050-6 DAN 8 PATEHAN.jpeg', '2019-04-17 15:30:50'),
(226, 507, 'img-04033124-suara patehan 6.jpeg', '2019-04-17 15:31:24'),
(227, 506, 'img-04033419-suara patehan 5.jpeg', '2019-04-17 15:34:19'),
(228, 498, 'img-04033831-kadipaten 24.jpeg', '2019-04-17 15:38:31'),
(229, 498, 'img-04033859-suara kadipaten 24.jpeg', '2019-04-17 15:38:59'),
(230, 347, 'img-04034001-giri peni 7.jpeg', '2019-04-17 15:40:01'),
(231, 348, 'img-04034123-giri peni 8.jpeg', '2019-04-17 15:41:23'),
(232, 434, 'img-04034231-patangpuluh 13.jpeg', '2019-04-17 15:42:31'),
(233, 349, 'img-04034251-giripeni 9.jpeg', '2019-04-17 15:42:51'),
(234, 434, 'img-04034302-suara patangpuluh 13.jpeg', '2019-04-17 15:43:02'),
(235, 350, 'img-04034335-giripeni 10.jpeg', '2019-04-17 15:43:35'),
(236, 437, 'img-04034357-patangpuluhan 16.jpeg', '2019-04-17 15:43:57'),
(237, 28, 'img-04034624-TPS 21 SEMIN.jpeg', '2019-04-17 15:46:24'),
(238, 437, 'img-04035030-patangpuluhan16.jpeg', '2019-04-17 15:50:30'),
(239, 436, 'img-04035336-patangpuluhan 15.jpeg', '2019-04-17 15:53:36'),
(240, 355, 'img-04035432-giri peni 15.jpeg', '2019-04-17 15:54:32'),
(241, 508, 'img-04035444-suara patehan7.jpeg', '2019-04-17 15:54:44'),
(242, 508, 'img-04035535-TPS 7 PATEHAN.jpeg', '2019-04-17 15:55:35'),
(243, 356, 'img-04035538-giri peni 16.jpeg', '2019-04-17 15:55:38'),
(244, 358, 'img-04035628-giri peni 18.jpeg', '2019-04-17 15:56:28'),
(245, 438, 'img-04035639-patangpuluhan 17.jpeg', '2019-04-17 15:56:39'),
(246, 359, 'img-04035714-giripeni 19.jpeg', '2019-04-17 15:57:14'),
(247, 360, 'img-04035740-giripeni 20.jpeg', '2019-04-17 15:57:40'),
(248, 438, 'img-04035820-suara patangpuluhan 17.jpeg', '2019-04-17 15:58:20'),
(249, 65, 'img-04035850-TPS 01 KALIGETUK.jpeg', '2019-04-17 15:58:50'),
(250, 445, 'img-04035928-suara panembahan 6.jpeg', '2019-04-17 15:59:28'),
(251, 435, 'img-04040401-suara patangpuluhann 14.jpeg', '2019-04-17 16:04:01'),
(252, 361, 'img-04040505-giri peni 21.jpeg', '2019-04-17 16:05:05'),
(253, 447, 'img-04040539-suara panembahan 8.jpeg', '2019-04-17 16:05:39'),
(254, 503, 'img-04041250-suara patehan 2.jpeg', '2019-04-17 16:12:50'),
(255, 522, 'img-04041807-suara patehan 21.jpeg', '2019-04-17 16:18:07'),
(256, 522, 'img-04042026-21 PATEHAN.jpeg', '2019-04-17 16:20:26'),
(257, 425, 'img-04042925-patangpuluhan 4.jpeg', '2019-04-17 16:29:25'),
(258, 424, 'img-04043019-patangpuluhan 3.jpeg', '2019-04-17 16:30:19'),
(259, 513, 'img-04043111-suara patehan 12.jpeg', '2019-04-17 16:31:11'),
(260, 422, 'img-04043336-patangpuluhan1.jpeg', '2019-04-17 16:33:36'),
(261, 336, 'img-04044006-Tps 37 Tamanan 1.jpg', '2019-04-17 16:40:06'),
(262, 334, 'img-04044053-Tps 35 Tamanan.jpg', '2019-04-17 16:40:53'),
(263, 333, 'img-04044211-Tps 34 Tamanan.jpg', '2019-04-17 16:42:11'),
(264, 301, 'img-04044238-tps 15 tamanan.jpg', '2019-04-17 16:42:38'),
(265, 459, 'img-04045438-suara panembahan 20.jpeg', '2019-04-17 16:54:38'),
(266, 431, 'img-04045727-patangpuluhan 10.jpeg', '2019-04-17 16:57:27'),
(267, 431, 'img-04045830-suara patangpuluhan 10.jpeg', '2019-04-17 16:58:30'),
(268, 521, 'img-04050032-patehan 20.jpeg', '2019-04-17 17:00:32'),
(269, 448, 'img-04050235-suara panembahan 9.jpeg', '2019-04-17 17:02:35'),
(270, 519, 'img-04050551-patehan 18.jpeg', '2019-04-17 17:05:51'),
(271, 520, 'img-04050719-patehan 19.jpeg', '2019-04-17 17:07:19'),
(272, 521, 'img-04050948-patehan20.jpeg', '2019-04-17 17:09:48'),
(273, 450, 'img-04051402-panembahan11.jpeg', '2019-04-17 17:14:02'),
(274, 143, 'img-04051452-5e0a235c-b1d8-41bf-902a-54819358e7a9.jpg', '2019-04-17 17:14:52'),
(275, 450, 'img-04051558-panembahan 11.jpeg', '2019-04-17 17:15:58'),
(276, 149, 'img-04051638-36afb5d2-5e04-41ba-a26c-7be6148d5ba5.jpg', '2019-04-17 17:16:38'),
(277, 451, 'img-04051645-suara panembahan 12.jpeg', '2019-04-17 17:16:45'),
(278, 148, 'img-04051822-0ebb0014-d834-42aa-821e-9a1c8c00cc26.jpg', '2019-04-17 17:18:22'),
(279, 452, 'img-04051849-suara panembahan 13.jpeg', '2019-04-17 17:18:49'),
(280, 174, 'img-04052022-57bc1044-cbaa-41bf-b783-dcfb7349e278 (1).jpg', '2019-04-17 17:20:22'),
(281, 453, 'img-04052101-suara panembahan 14.jpeg', '2019-04-17 17:21:01'),
(282, 440, 'img-04052304-panembahan 2.jpeg', '2019-04-17 17:23:04'),
(283, 454, 'img-04052409-suara panembahan 15.jpeg', '2019-04-17 17:24:09'),
(285, 176, 'img-04052644-fb69b918-dfa7-4286-a896-9255b25a2749.jpg', '2019-04-17 17:26:44'),
(286, 176, 'img-04052740-1610d7a8-1f83-4aa2-a282-086fbd41d34e.jpg', '2019-04-17 17:27:40'),
(287, 303, 'img-04052951-tps 16 tamanan.jpg', '2019-04-17 17:29:51'),
(288, 321, 'img-04053025-tps 26 tamanan.jpg', '2019-04-17 17:30:25'),
(289, 324, 'img-04053105-tps 28 tamanan.jpg', '2019-04-17 17:31:05'),
(290, 439, 'img-04055831-panembahan 1.jpeg', '2019-04-17 17:58:31'),
(291, 440, 'img-04060125-panembahan2.jpeg', '2019-04-17 18:01:25'),
(292, 441, 'img-04060316-panembahan3.jpeg', '2019-04-17 18:03:16'),
(293, 443, 'img-04060515-panembahan4.jpeg', '2019-04-17 18:05:15'),
(294, 444, 'img-04060647-panembahan5.jpeg', '2019-04-17 18:06:47'),
(295, 518, 'img-04060938-patehan17.jpeg', '2019-04-17 18:09:38'),
(296, 518, 'img-04061139-TPS 17 PATEHAN.jpeg', '2019-04-17 18:11:39'),
(297, 510, 'img-04061320-patehan 9.jpeg', '2019-04-17 18:13:20'),
(298, 430, 'img-04061615-patangpuluhan9.jpeg', '2019-04-17 18:16:15'),
(299, 505, 'img-04061801-patehan 4.jpeg', '2019-04-17 18:18:01'),
(300, 430, 'img-04061917-patangpuluhan 9.jpeg', '2019-04-17 18:19:17'),
(301, 429, 'img-04062028-patangpuluhan 8.jpeg', '2019-04-17 18:20:28'),
(302, 509, 'img-04062250-patehan8.jpeg', '2019-04-17 18:22:50'),
(303, 505, 'img-04062514-patehan4.jpeg', '2019-04-17 18:25:14'),
(304, 428, 'img-04062731-patangpuluhan7.jpeg', '2019-04-17 18:27:31'),
(305, 428, 'img-04062931-patangpuluhan 7.jpeg', '2019-04-17 18:29:31'),
(306, 427, 'img-04063035-patangpuluhan6.jpeg', '2019-04-17 18:30:35'),
(307, 427, 'img-04063225-patang6.jpeg', '2019-04-17 18:32:25'),
(308, 21, 'img-04063846-TPS 14 SEMIN.jpeg', '2019-04-17 18:38:46'),
(309, 22, 'img-04064003-TPS 15 SEMIN.jpeg', '2019-04-17 18:40:03'),
(310, 61, 'img-04064529-TPS 11 KEMEJING.jpeg', '2019-04-17 18:45:29'),
(311, 39, 'img-04064620-TPS 32 SEMIN.jpeg', '2019-04-17 18:46:20'),
(312, 58, 'img-04064745-TPS 08 KEMEJING.jpeg', '2019-04-17 18:47:45'),
(313, 59, 'img-04064859-TPS 09 KEMEJING.jpeg', '2019-04-17 18:48:59'),
(314, 79, 'img-04065239-TPS 01 BULUREJO.jpeg', '2019-04-17 18:52:39'),
(315, 94, 'img-04065435-TPS 01 BENDUNG.jpeg', '2019-04-17 18:54:35'),
(316, 512, 'img-04065653-patehan 11.jpeg', '2019-04-17 18:56:53'),
(317, 95, 'img-04065659-TPS 02 BENDUNG.jpeg', '2019-04-17 18:56:59'),
(318, 468, 'img-04070151-panembahan 29-30.jpeg', '2019-04-17 19:01:51'),
(319, 469, 'img-04070350-panembahan 29-30.jpeg', '2019-04-17 19:03:50'),
(320, 465, 'img-04070542-panembahan 26-28.jpeg', '2019-04-17 19:05:42'),
(321, 466, 'img-04070731-panembahan 26-28.jpeg', '2019-04-17 19:07:31'),
(322, 467, 'img-04070858-panembahan 26-28.jpeg', '2019-04-17 19:08:58'),
(323, 465, 'img-04071042-panembahan26.jpeg', '2019-04-17 19:10:42'),
(324, 466, 'img-04071129-panembahan27.jpeg', '2019-04-17 19:11:29'),
(325, 466, 'img-04071326-panem27.jpeg', '2019-04-17 19:13:26'),
(326, 8, 'img-04072052-TPS 01 SEMIN.jpeg', '2019-04-17 19:20:52'),
(327, 467, 'img-04072129-panembahan28.jpeg', '2019-04-17 19:21:29'),
(328, 9, 'img-04072146-TPS 02 SEMIN.jpeg', '2019-04-17 19:21:46'),
(329, 10, 'img-04072237-TPS 03 SEMIN.jpeg', '2019-04-17 19:22:37'),
(330, 468, 'img-04072302-panembahan29.jpeg', '2019-04-17 19:23:02'),
(331, 11, 'img-04072336-TPS 04 SEMIN.jpeg', '2019-04-17 19:23:36'),
(332, 469, 'img-04072432-panembahan30.jpeg', '2019-04-17 19:24:32'),
(333, 13, 'img-04072457-TPS 06 SEMIN.jpeg', '2019-04-17 19:24:57'),
(334, 14, 'img-04072530-TPS 07 SEMIN.jpeg', '2019-04-17 19:25:30'),
(335, 470, 'img-04072546-panembahan31.jpeg', '2019-04-17 19:25:46'),
(336, 15, 'img-04072634-TPS 08 SEMIN.jpeg', '2019-04-17 19:26:34'),
(337, 470, 'img-04072708-panembhan31.jpeg', '2019-04-17 19:27:08'),
(338, 16, 'img-04072736-TPS 09 SEMIN.jpeg', '2019-04-17 19:27:36'),
(339, 17, 'img-04072836-TPS 10 SEMIN.jpeg', '2019-04-17 19:28:36'),
(340, 471, 'img-04072836-panembhan32.jpeg', '2019-04-17 19:28:36'),
(341, 18, 'img-04073154-TPS 11 SEMIN.jpeg', '2019-04-17 19:31:54'),
(342, 35, 'img-04073358-TPS 28 SEMIN.jpeg', '2019-04-17 19:33:58'),
(343, 36, 'img-04073505-TPS 29 SEMIN.jpeg', '2019-04-17 19:35:05'),
(344, 37, 'img-04073600-TPS 30 SEMIN.jpeg', '2019-04-17 19:36:00'),
(345, 471, 'img-04073630-panembhann32.jpeg', '2019-04-17 19:36:30'),
(346, 38, 'img-04073851-TPS 31 SEMIN.jpeg', '2019-04-17 19:38:51'),
(347, 472, 'img-04073934-panembahan 33.jpeg', '2019-04-17 19:39:34'),
(348, 40, 'img-04073949-TPS 33 SEMIN.jpeg', '2019-04-17 19:39:49'),
(349, 42, 'img-04074056-TPS 35 SEMIN.jpeg', '2019-04-17 19:40:56'),
(350, 49, 'img-04074149-TPS 42 SEMIN.jpeg', '2019-04-17 19:41:49'),
(351, 472, 'img-04074204-panem33.jpeg', '2019-04-17 19:42:04'),
(352, 53, 'img-04074300-TPS 03 KEMEJING.jpeg', '2019-04-17 19:43:00'),
(353, 473, 'img-04074310-panembhan34.jpeg', '2019-04-17 19:43:10'),
(354, 64, 'img-04074407-TPS 14 KEMEJING.jpeg', '2019-04-17 19:44:07'),
(355, 473, 'img-04074505-panem34.jpeg', '2019-04-17 19:45:05'),
(356, 80, 'img-04074506-TPS 02 BULUREJO.jpeg', '2019-04-17 19:45:06'),
(357, 98, 'img-04074605-TPS 04 BENDUNG.jpeg', '2019-04-17 19:46:05'),
(358, 474, 'img-04074611-panem35.jpeg', '2019-04-17 19:46:11'),
(359, 99, 'img-04074704-TPS 05 BENDUNG (2).jpeg', '2019-04-17 19:47:04'),
(360, 99, 'img-04074740-TPS 05 BENDUNG.jpeg', '2019-04-17 19:47:40'),
(361, 460, 'img-04074821-panembahn21.jpeg', '2019-04-17 19:48:21'),
(362, 456, 'img-04075040-panembhan17.jpeg', '2019-04-17 19:50:40'),
(363, 461, 'img-04075257-panem22.jpeg', '2019-04-17 19:52:57'),
(364, 457, 'img-04075529-panem18.jpeg', '2019-04-17 19:55:29'),
(365, 464, 'img-04075850-panem25.jpeg', '2019-04-17 19:58:50'),
(366, 463, 'img-04080518-panem24.jpeg', '2019-04-17 20:05:18'),
(367, 43, 'img-04080822-TPS 36 SEMIN.jpeg', '2019-04-17 20:08:22'),
(368, 44, 'img-04080950-TPS 37 SEMIN.jpeg', '2019-04-17 20:09:50'),
(369, 57, 'img-04081122-TPS 07 KEMEJING.jpeg', '2019-04-17 20:11:22'),
(370, 462, 'img-04081132-panembhan23.jpeg', '2019-04-17 20:11:32'),
(371, 60, 'img-04081443-TPS 10 KEMEJING.jpeg', '2019-04-17 20:14:43'),
(372, 478, 'img-04081610-kadipaten 4.jpeg', '2019-04-17 20:16:10'),
(373, 67, 'img-04081741-TPS 03 KALIGETUK.jpeg', '2019-04-17 20:17:41'),
(374, 477, 'img-04082001-kadipaten 3.jpeg', '2019-04-17 20:20:01'),
(375, 86, 'img-04082057-TPS 07 BULUREJO.jpeg', '2019-04-17 20:20:57'),
(376, 88, 'img-04082222-TPS 09 BULUREJO.jpeg', '2019-04-17 20:22:22'),
(377, 475, 'img-04082224-kadipaten 1.jpeg', '2019-04-17 20:22:24'),
(378, 486, 'img-04082406-kadipaten 12.jpeg', '2019-04-17 20:24:06'),
(379, 485, 'img-04082536-kadipaten 11.jpeg', '2019-04-17 20:25:36'),
(380, 92, 'img-04082542-TPS 13 BULUREJO.jpeg', '2019-04-17 20:25:42'),
(381, 484, 'img-04082639-kadipaten 10.jpeg', '2019-04-17 20:26:39'),
(382, 483, 'img-04082746-kadipaten 9.jpeg', '2019-04-17 20:27:46'),
(383, 100, 'img-04082803-TPS 06 BENDUNG.jpeg', '2019-04-17 20:28:03'),
(384, 482, 'img-04082830-kadipaten 8.jpeg', '2019-04-17 20:28:30'),
(385, 481, 'img-04083033-kadipaten 7.jpeg', '2019-04-17 20:30:33'),
(386, 106, 'img-04083126-TPS 12 BENDUNG.jpeg', '2019-04-17 20:31:26'),
(387, 480, 'img-04083247-kadipaten 6.jpeg', '2019-04-17 20:32:47'),
(388, 487, 'img-04083400-kadipaten 13.jpeg', '2019-04-17 20:34:00'),
(389, 488, 'img-04083551-kadipaten 14.jpeg', '2019-04-17 20:35:51'),
(390, 491, 'img-04083811-kadipaten 17.jpeg', '2019-04-17 20:38:11'),
(391, 490, 'img-04083959-kadipaten16.jpeg', '2019-04-17 20:39:59'),
(392, 489, 'img-04084052-kadipaten 15.jpeg', '2019-04-17 20:40:52'),
(393, 496, 'img-04084159-kadipaten 22.jpeg', '2019-04-17 20:41:59'),
(394, 495, 'img-04084251-kadipaten 21.jpeg', '2019-04-17 20:42:51'),
(395, 493, 'img-04084349-kadipaten 19.jpeg', '2019-04-17 20:43:49'),
(396, 494, 'img-04084449-kadipaten 20.jpeg', '2019-04-17 20:44:49'),
(397, 492, 'img-04084540-kadipaten 18.jpeg', '2019-04-17 20:45:40'),
(398, 25, 'img-04091940-TPS 18 SEMIN.jpeg', '2019-04-17 21:19:40'),
(399, 12, 'img-04093057-TPS 05 SEMIN.jpeg', '2019-04-17 21:30:57'),
(400, 27, 'img-04093322-TPS 20 SEMIN.jpeg', '2019-04-17 21:33:22'),
(401, 26, 'img-04093551-TPS 19 SEMIN.jpeg', '2019-04-17 21:35:51'),
(402, 19, 'img-04093717-TPS 12 SEMIN.jpeg', '2019-04-17 21:37:17'),
(403, 20, 'img-04093840-TPS 13 SEMIN.jpeg', '2019-04-17 21:38:40'),
(404, 84, 'img-04094400-TPS 05 BULUREJO.jpeg', '2019-04-17 21:44:00'),
(405, 476, 'img-04104551-kadip2.jpeg', '2019-04-17 22:45:51'),
(406, 479, 'img-04104835-kadip 5.jpeg', '2019-04-17 22:48:35'),
(407, 478, 'img-04105055-kadip 4.jpeg', '2019-04-17 22:50:55'),
(408, 475, 'img-04105226-kadip 1.jpeg', '2019-04-17 22:52:26'),
(409, 29, 'img-04105346-TPS 22 SEMIN.jpeg', '2019-04-17 22:53:46'),
(410, 480, 'img-04105357-kadip 6.jpeg', '2019-04-17 22:53:57'),
(411, 41, 'img-04105506-TPS 34 SEMIN.jpeg', '2019-04-17 22:55:06'),
(412, 481, 'img-04105608-kadip 7.jpeg', '2019-04-17 22:56:08'),
(413, 55, 'img-04105641-TPS 05 KEMEJING.jpeg', '2019-04-17 22:56:41'),
(414, 483, 'img-04105815-kadip 9.jpeg', '2019-04-17 22:58:15'),
(415, 482, 'img-04110026-kadip 8.jpeg', '2019-04-17 23:00:26'),
(416, 484, 'img-04110251-kadip 10.jpeg', '2019-04-17 23:02:51'),
(417, 486, 'img-04110457-kadip 12.jpeg', '2019-04-17 23:04:57'),
(418, 485, 'img-04110708-kadip 11.jpeg', '2019-04-17 23:07:08'),
(419, 489, 'img-04111005-kadip 15.jpeg', '2019-04-17 23:10:05'),
(420, 487, 'img-04111209-kadip 13.jpeg', '2019-04-17 23:12:09'),
(421, 488, 'img-04111404-kadip 14.jpeg', '2019-04-17 23:14:04'),
(422, 490, 'img-04111610-kadip 16.jpeg', '2019-04-17 23:16:10'),
(423, 491, 'img-04112058-kadip 17.jpeg', '2019-04-17 23:20:58'),
(424, 474, 'img-04112402-panembahan 35.jpeg', '2019-04-17 23:24:02'),
(425, 492, 'img-04112949-kadip 18.jpeg', '2019-04-17 23:29:49'),
(426, 493, 'img-04113222-kadip 19.jpeg', '2019-04-17 23:32:22'),
(427, 494, 'img-04114219-kadip 20.jpeg', '2019-04-17 23:42:19'),
(429, 45, 'img-04114343-TPS 38 SEMIN.jpeg', '2019-04-17 23:43:43'),
(430, 477, 'img-04114508-kadip 3.jpeg', '2019-04-17 23:45:08'),
(431, 46, 'img-04114534-TPS 39 SEMIN.jpeg', '2019-04-17 23:45:34'),
(432, 403, 'img-04114759-Tps 05 Gulurejo.jpeg', '2019-04-17 23:47:59'),
(433, 30, 'img-04115642-TPS 23 SEMIN.jpeg', '2019-04-17 23:56:42'),
(434, 66, 'img-04115944-TPS 02 KALIGETUK.jpeg', '2019-04-17 23:59:44'),
(435, 77, 'img-04120350-TPS 13 KALIGETUK.jpeg', '2019-04-18 00:03:50'),
(436, 89, 'img-04121603-TPS 10 BULUREJO.jpeg', '2019-04-18 00:16:03'),
(437, 93, 'img-04121810-TPS 14 BULUREJO.jpeg', '2019-04-18 00:18:10'),
(438, 96, 'img-04122005-TPS 03 BENDUNG.jpeg', '2019-04-18 00:20:05'),
(439, 111, 'img-04122143-TPS 16 BENDUNG.jpeg', '2019-04-18 00:21:43'),
(440, 120, 'img-04122848-TPS 01 Candibinangun.jpg', '2019-04-18 00:28:48'),
(441, 123, 'img-04123051-TPS 04 Candibinangun.jpg', '2019-04-18 00:30:51'),
(442, 308, 'img-04123447-tirtorahayu 09.jpeg', '2019-04-18 00:34:47'),
(443, 367, 'img-04123545-karang sewu 07.jpeg', '2019-04-18 00:35:45'),
(444, 124, 'img-04123619-TPS 05 Candi Binangun.jpg', '2019-04-18 00:36:19'),
(445, 126, 'img-04123819-TPS 07 Candibinangun.jpg', '2019-04-18 00:38:19'),
(446, 47, 'img-04124624-TPS 40 SEMIN.jpeg', '2019-04-18 00:46:24'),
(447, 133, 'img-04124949-TPS 14 Candi Binangun.jpg', '2019-04-18 00:49:49'),
(448, 48, 'img-04125102-TPS 41 SEMIN.jpeg', '2019-04-18 00:51:02'),
(449, 135, 'img-04125157-TPS 16 Candibinangun.jpg', '2019-04-18 00:51:57'),
(450, 144, 'img-04125426-TPS 05 Hargobinangun.jpg', '2019-04-18 00:54:26'),
(451, 70, 'img-04125455-TPS 06 KALIKETUK.jpeg', '2019-04-18 00:54:55'),
(452, 71, 'img-04125622-TPS 07N KALIKETUK.jpeg', '2019-04-18 00:56:22'),
(453, 72, 'img-04125823-TPS 08 KALIKETUK.jpeg', '2019-04-18 00:58:23'),
(454, 73, 'img-04010019-TPS 09 KALIKETUK.jpeg', '2019-04-18 01:00:19'),
(455, 160, 'img-04010114-TPS 01 Harjobinangun.jpg', '2019-04-18 01:01:14'),
(456, 161, 'img-04010310-TPS 02 Harjobinangun.jpg', '2019-04-18 01:03:10'),
(457, 75, 'img-04010318-TPS 11 KALIKETUK.jpeg', '2019-04-18 01:03:18'),
(458, 76, 'img-04010510-TPS 11 KALIKETUK.jpeg', '2019-04-18 01:05:10'),
(459, 164, 'img-04010603-TPS 05 Harjobinangun.jpg', '2019-04-18 01:06:03'),
(460, 78, 'img-04010703-TPS 14 KALIKETUK.jpeg', '2019-04-18 01:07:03'),
(461, 85, 'img-04010955-TPS 06 BULUREJO.jpeg', '2019-04-18 01:09:55'),
(462, 166, 'img-04011210-TPS 06 Harjobinangun.jpg', '2019-04-18 01:12:10'),
(463, 87, 'img-04011216-TPS 08 BULUREJO.jpeg', '2019-04-18 01:12:16'),
(464, 169, 'img-04011355-TPS 08 Harjobinangun.jpg', '2019-04-18 01:13:55'),
(465, 90, 'img-04011428-TPS 11 BULUREJO.jpeg', '2019-04-18 01:14:28'),
(466, 91, 'img-04011639-TPS 12 BULUREJO.jpeg', '2019-04-18 01:16:39'),
(467, 171, 'img-04011722-36afb5d2-5e04-41ba-a26c-7be6148d5ba5.jpg', '2019-04-18 01:17:22'),
(468, 101, 'img-04011925-TPS 07 BENDUNG.jpeg', '2019-04-18 01:19:25'),
(469, 102, 'img-04012153-TPS 08 BENDUNG.jpeg', '2019-04-18 01:21:53'),
(470, 109, 'img-04012506-TPS 15 BENDUNG.jpeg', '2019-04-18 01:25:06'),
(471, 108, 'img-04012647-TPS 14 BENDUNG.jpeg', '2019-04-18 01:26:47'),
(472, 107, 'img-04012903-TPS 13 BENDUNG.jpeg', '2019-04-18 01:29:03'),
(473, 105, 'img-04013052-TPS 11 BENDUNG.jpeg', '2019-04-18 01:30:52'),
(474, 104, 'img-04013246-TPS 10 BENDUNG.jpeg', '2019-04-18 01:32:46'),
(475, 103, 'img-04013520-TPS 09 BENDUNG.jpeg', '2019-04-18 01:35:20'),
(476, 182, 'img-04013629-TPS 01 pakembinangun.jpg', '2019-04-18 01:36:29'),
(477, 183, 'img-04014105-TPS 02 Pakembinangun.jpg', '2019-04-18 01:41:05'),
(478, 185, 'img-04014458-TPS 04 pakembinangun.jpg', '2019-04-18 01:44:58'),
(479, 189, 'img-04014646-TPS 08 Pakembinangun.jpg', '2019-04-18 01:46:46'),
(480, 351, 'img-04014730-giri peni 11.jpeg', '2019-04-18 01:47:30'),
(481, 352, 'img-04014946-giri peni 12.jpeg', '2019-04-18 01:49:46'),
(482, 190, 'img-04014946-TPS 09 Pakembinangun.jpg', '2019-04-18 01:49:46'),
(483, 353, 'img-04015059-giri peni 13.jpeg', '2019-04-18 01:50:59'),
(484, 354, 'img-04015220-giri peni 14.jpeg', '2019-04-18 01:52:20'),
(485, 357, 'img-04015335-giri peni 17.jpeg', '2019-04-18 01:53:35'),
(486, 194, 'img-04015746-TPS 13 Pakembinangun.jpg', '2019-04-18 01:57:46'),
(487, 195, 'img-04020008-TPS 14 Pakem Binangun.jpg', '2019-04-18 02:00:08'),
(488, 198, 'img-04020213-TPS 17 pakembinangun.jpg', '2019-04-18 02:02:13'),
(489, 6, 'img-04020219-tritorahayu 1.jpeg', '2019-04-18 02:02:19'),
(490, 165, 'img-04020253-tritorahayu 3.jpeg', '2019-04-18 02:02:53'),
(491, 200, 'img-04020345-TPS 19 Pakembinangun.jpg', '2019-04-18 02:03:45'),
(492, 168, 'img-04020443-tritorahayu 4.jpeg', '2019-04-18 02:04:43'),
(493, 297, 'img-04020505-tritorahayu 5.jpeg', '2019-04-18 02:05:05'),
(494, 299, 'img-04020556-tritorahayu 6.jpeg', '2019-04-18 02:05:56'),
(495, 202, 'img-04020812-TPS 01 Purwobinangun.jpg', '2019-04-18 02:08:12'),
(496, 7, 'img-04020901-giri peni 1.jpeg', '2019-04-18 02:09:01'),
(497, 302, 'img-04020929-tirtorahayu 7.jpeg', '2019-04-18 02:09:29'),
(498, 304, 'img-04020953-giri peni 8.jpeg', '2019-04-18 02:09:53'),
(499, 203, 'img-04021012-TPS 02 Purwobinangun.jpg', '2019-04-18 02:10:12'),
(500, 310, 'img-04021132-tirtorahayu 10.jpeg', '2019-04-18 02:11:32'),
(501, 310, 'img-04021237-tirto102.jpeg', '2019-04-18 02:12:37'),
(502, 204, 'img-04021239-TPS 03 Purwobinangun.jpg', '2019-04-18 02:12:39'),
(503, 205, 'img-04021445-TPS 04 purwobinangun.jpg', '2019-04-18 02:14:45'),
(504, 206, 'img-04021706-TPS 05 purwobinangun.jpg', '2019-04-18 02:17:06'),
(505, 207, 'img-04021845-TPS 06 Purwobinangun.jpg', '2019-04-18 02:18:45'),
(506, 208, 'img-04022047-TPS 07 Purwobinangun.jpg', '2019-04-18 02:20:47'),
(507, 209, 'img-04022229-TPS 08 Purwobinangun.jpg', '2019-04-18 02:22:29'),
(508, 211, 'img-04022406-TPS 09 Purwobinangun.jpg', '2019-04-18 02:24:06'),
(509, 212, 'img-04022533-TPS 10 Purwo binangun.jpg', '2019-04-18 02:25:33'),
(510, 312, 'img-04022708-tritoraahayu 11.jpeg', '2019-04-18 02:27:08'),
(511, 213, 'img-04022736-TPS 11 Purwobinangun.jpg', '2019-04-18 02:27:36'),
(512, 314, 'img-04022738-tritorahayu 12.jpeg', '2019-04-18 02:27:38'),
(513, 317, 'img-04022804-tritorahayu 13.jpeg', '2019-04-18 02:28:04'),
(514, 318, 'img-04022833-tritorahayu 14.jpeg', '2019-04-18 02:28:33'),
(515, 320, 'img-04022859-tritorahayu 15.jpeg', '2019-04-18 02:28:59'),
(516, 323, 'img-04023116-tirtorahayu 16.jpeg', '2019-04-18 02:31:16'),
(517, 218, 'img-04023125-TPS 16 Purwobinangun.jpg', '2019-04-18 02:31:25'),
(518, 325, 'img-04023145-tirtorahayu 17.jpeg', '2019-04-18 02:31:45'),
(519, 328, 'img-04023226-tirtorahayu 18.jpeg', '2019-04-18 02:32:26'),
(520, 330, 'img-04023253-tirtotahayu 19.jpeg', '2019-04-18 02:32:53'),
(521, 222, 'img-04023443-TPS 18 Purwobinangun.jpg', '2019-04-18 02:34:43'),
(522, 337, 'img-04023539-pandowan 05.jpeg', '2019-04-18 02:35:39'),
(523, 339, 'img-04023640-brosot 10.jpeg', '2019-04-18 02:36:40'),
(524, 224, 'img-04023646-TPS 20 Purwobinangun.jpg', '2019-04-18 02:36:46'),
(525, 340, 'img-04023706-brosot 11.jpeg', '2019-04-18 02:37:06'),
(526, 524, 'img-04023822-TPS 102 Concat.jpg', '2019-04-18 02:38:22'),
(527, 362, 'img-04023844-banaran 12.jpeg', '2019-04-18 02:38:44'),
(528, 525, 'img-04024120-TPS 83 Concat.jpg', '2019-04-18 02:41:20'),
(529, 526, 'img-04024340-TPS 018 Concat.jpg', '2019-04-18 02:43:40'),
(530, 363, 'img-04024405-banaran 13.jpeg', '2019-04-18 02:44:05'),
(531, 364, 'img-04024445-kranggan 2.jpeg', '2019-04-18 02:44:45'),
(532, 527, 'img-04024602-TPs 034 Concat.jpg', '2019-04-18 02:46:02'),
(533, 528, 'img-04024748-TPS 94 Concat.jpg', '2019-04-18 02:47:48'),
(534, 529, 'img-04024952-TPS 013 Concat.jpg', '2019-04-18 02:49:52'),
(535, 530, 'img-04025155-TPS 66 Concat.jpg', '2019-04-18 02:51:55'),
(536, 531, 'img-04025354-TPS 073 Concat.jpg', '2019-04-18 02:53:54'),
(537, 532, 'img-04025553-TPS 60 concat.jpg', '2019-04-18 02:55:53'),
(538, 533, 'img-04025738-TPS 06 Concat.jpg', '2019-04-18 02:57:38'),
(539, 534, 'img-04025931-TPS 014 Concat.jpg', '2019-04-18 02:59:31'),
(540, 535, 'img-04030117-TPS 123 Concat.jpg', '2019-04-18 03:01:17'),
(541, 536, 'img-04030309-TPS 12 Concat.jpg', '2019-04-18 03:03:09'),
(542, 537, 'img-04040556-TPS 106 Concat.jpg', '2019-04-18 04:05:56'),
(543, 538, 'img-04040649-TPS 99 concat.jpg', '2019-04-18 04:06:49'),
(544, 539, 'img-04040757-TPS 107 Concat.jpg', '2019-04-18 04:07:57'),
(545, 540, 'img-04040952-TPS 103 Concat.jpg', '2019-04-18 04:09:52'),
(546, 541, 'img-04041042-TPS 89 Concat.jpg', '2019-04-18 04:10:42'),
(547, 542, 'img-04041151-TPS 84 Concat.jpg', '2019-04-18 04:11:51'),
(548, 543, 'img-04041254-TPS 108 Concat.jpg', '2019-04-18 04:12:54'),
(549, 544, 'img-04041355-TPS 59 concat.jpg', '2019-04-18 04:13:55'),
(550, 545, 'img-04041630-TPS 42 Concat.jpg', '2019-04-18 04:16:30'),
(551, 546, 'img-04041724-TPS 97 Concat.jpg', '2019-04-18 04:17:24'),
(552, 547, 'img-04041821-TPS 014 Concat.jpg', '2019-04-18 04:18:21'),
(553, 548, 'img-04041930-TPS 64 Concat.jpg', '2019-04-18 04:19:30'),
(554, 549, 'img-04042023-TPS 133 Concat.jpg', '2019-04-18 04:20:23'),
(555, 550, 'img-04042120-TPS 08 Concat.jpg', '2019-04-18 04:21:20'),
(556, 551, 'img-04042302-TPS 88 Concat.jpg', '2019-04-18 04:23:02'),
(557, 552, 'img-04042359-TPS 29 Concat.jpg', '2019-04-18 04:23:59'),
(558, 553, 'img-04042458-TPS 24 Concat.jpg', '2019-04-18 04:24:58'),
(559, 557, 'img-04042843-TPS 05 concat.jpg', '2019-04-18 04:28:43'),
(560, 558, 'img-04042930-TPS 22 Concat.jpg', '2019-04-18 04:29:30'),
(561, 559, 'img-04043123-TPS 053 Concat.jpg', '2019-04-18 04:31:23'),
(562, 560, 'img-04043207-TPS 33 Concat.jpg', '2019-04-18 04:32:07'),
(563, 562, 'img-04043253-TPS 86 Concat.jpg', '2019-04-18 04:32:53'),
(564, 563, 'img-04043406-TPS 32 Concat.jpg', '2019-04-18 04:34:06'),
(565, 564, 'img-04043547-TPS 96 Concat.jpg', '2019-04-18 04:35:47'),
(566, 565, 'img-04043742-TPS 98 concat.jpg', '2019-04-18 04:37:42'),
(567, 566, 'img-04043834-TPS 95 Concat.jpg', '2019-04-18 04:38:34'),
(568, 567, 'img-04043943-TPS 71 Concat.jpg', '2019-04-18 04:39:43'),
(569, 568, 'img-04044025-TPS 124 Concat.jpg', '2019-04-18 04:40:25'),
(570, 569, 'img-04044115-TPS 03 Wedomarteni.jpg', '2019-04-18 04:41:15'),
(571, 570, 'img-04044216-TPS 10 Widomarteni.jpg', '2019-04-18 04:42:16'),
(572, 572, 'img-04044305-TPS 21 Purwobinangun.jpg', '2019-04-18 04:43:05'),
(573, 573, 'img-04044357-TPS 24 Purwobinangun.jpg', '2019-04-18 04:43:57'),
(574, 574, 'img-04044440-TPS 25 Purwobinangun.jpg', '2019-04-18 04:44:40'),
(575, 576, 'img-04044617-TPS 29 Purwobinangun.jpg', '2019-04-18 04:46:17'),
(576, 577, 'img-04044720-TPS 30 Purwobinangun.jpg', '2019-04-18 04:47:20'),
(577, 575, 'img-04044915-TPS 27 Purwobinangun.jpg', '2019-04-18 04:49:15'),
(578, 179, 'img-04045257-TPS 18 Harjo Binangun.jpg', '2019-04-18 04:52:57'),
(579, 365, 'img-04062637-karang sewu 5.jpeg', '2019-04-18 06:26:37'),
(580, 366, 'img-04062732-karang sewu 6.jpeg', '2019-04-18 06:27:32'),
(581, 368, 'img-04062826-karang sewu 8.jpeg', '2019-04-18 06:28:26'),
(582, 369, 'img-04062858-karang sewu 9.jpeg', '2019-04-18 06:28:58'),
(583, 370, 'img-04062936-karang sewu 11.jpeg', '2019-04-18 06:29:36'),
(584, 371, 'img-04063034-karang sewu 12.jpeg', '2019-04-18 06:30:34'),
(585, 372, 'img-04063109-karang sewu 16.jpeg', '2019-04-18 06:31:09'),
(586, 373, 'img-04063150-karang sewu 17.jpeg', '2019-04-18 06:31:50'),
(587, 374, 'img-04063309-karang sewu 19.jpeg', '2019-04-18 06:33:09'),
(588, 375, 'img-04063339-karang sewu 20.jpeg', '2019-04-18 06:33:39'),
(589, 376, 'img-04063409-karang sewu 21.jpeg', '2019-04-18 06:34:09'),
(590, 377, 'img-04063456-karang sewu 22.jpeg', '2019-04-18 06:34:56'),
(591, 378, 'img-04063628-karang sewu 23.jpeg', '2019-04-18 06:36:28'),
(592, 338, 'img-04064317-pandowan 06.jpeg', '2019-04-18 06:43:17'),
(593, 74, 'img-04103426-TPS 10 KALIGETUK.jpeg', '2019-04-18 10:34:26'),
(594, 81, 'img-04103701-TPS 03 BULUREJO.jpeg', '2019-04-18 10:37:01'),
(595, 83, 'img-04103826-TPS 04 BULUREJO.jpeg', '2019-04-18 10:38:26');

-- --------------------------------------------------------

--
-- Struktur dari tabel `kabupaten`
--

CREATE TABLE `kabupaten` (
  `id_kabupaten` int(11) NOT NULL,
  `nama` varchar(50) COLLATE utf8mb4_unicode_ci NOT NULL,
  `logo` varchar(100) COLLATE utf8mb4_unicode_ci NOT NULL
) ENGINE=InnoDB DEFAULT CHARSET=utf8mb4 COLLATE=utf8mb4_unicode_ci;

--
-- Dumping data untuk tabel `kabupaten`
--

INSERT INTO `kabupaten` (`id_kabupaten`, `nama`, `logo`) VALUES
(1, 'Gunungkidul', 'gunungkidul.png'),
(2, 'Bantul', 'bantul.png'),
(3, 'Kulon Progo', 'kulonprogo.png'),
(4, 'Sleman', 'sleman.png'),
(5, 'Kota Yogyakarta', 'kotapradjajogjakarta.png');

-- --------------------------------------------------------

--
-- Struktur dari tabel `kecamatan`
--

CREATE TABLE `kecamatan` (
  `id_kecamatan` int(11) NOT NULL,
  `id_kabupaten` int(11) NOT NULL,
  `nama_kecamatan` text COLLATE utf8mb4_unicode_ci NOT NULL
) ENGINE=InnoDB DEFAULT CHARSET=utf8mb4 COLLATE=utf8mb4_unicode_ci;

--
-- Dumping data untuk tabel `kecamatan`
--

INSERT INTO `kecamatan` (`id_kecamatan`, `id_kabupaten`, `nama_kecamatan`) VALUES
(1, 1, 'Gedang Sari'),
(2, 1, 'Girisubo'),
(3, 1, 'Karangmojo'),
(4, 1, 'Ngawen'),
(5, 1, 'Nglipar'),
(6, 1, 'Paliyan'),
(7, 1, 'Panggang'),
(8, 1, 'Patuk'),
(9, 1, 'Playen'),
(10, 1, 'Ponjong'),
(11, 1, 'Purwosari'),
(12, 1, 'Rongkop'),
(13, 1, 'Saptosari'),
(14, 1, 'Semanu'),
(15, 1, 'Semin'),
(16, 1, 'Tanjungsari'),
(17, 1, 'Tepus'),
(18, 1, 'Wonosari'),
(19, 2, 'Banguntapan'),
(20, 2, 'Jetis'),
(21, 2, 'Bambanglipuro'),
(22, 2, 'Sewon'),
(23, 2, 'Pleret'),
(24, 2, 'Kretek'),
(25, 2, 'Srandakan'),
(26, 2, 'Sedayu'),
(27, 2, 'Pandak'),
(28, 2, 'Pajangan'),
(29, 2, 'Kasihan'),
(30, 2, 'Piyungan'),
(31, 2, 'Bantul'),
(32, 2, 'Pundong'),
(33, 2, 'Dlingo'),
(34, 3, 'Galur'),
(35, 3, 'Girimulyo'),
(36, 3, 'Kalibawang'),
(37, 3, 'Kokap'),
(38, 3, 'Lendah'),
(39, 3, 'Nanggulan'),
(40, 3, 'Panjatan'),
(41, 3, 'Pengasih'),
(42, 3, 'Samigaluh'),
(43, 3, 'Sentolo'),
(44, 3, 'Temon'),
(45, 3, 'Wates'),
(46, 4, 'Berbah'),
(47, 4, 'Cangkringan'),
(48, 4, 'Depok'),
(49, 4, 'Gamping'),
(50, 4, 'Godean'),
(51, 4, 'Kalasan'),
(52, 4, 'Minggir'),
(53, 4, 'Mlati'),
(54, 4, 'Moyudan'),
(55, 4, 'Ngaglik'),
(56, 4, 'Ngemplak'),
(57, 4, 'Pakem'),
(58, 4, 'Prambanan'),
(59, 4, 'Seyegan'),
(60, 4, 'Sleman'),
(61, 4, 'Tempel'),
(62, 4, 'Turi'),
(63, 5, 'Danurejan'),
(64, 5, 'Gedongtengen'),
(65, 5, 'Gondokusuman'),
(66, 5, 'Gondomanan'),
(67, 5, 'Jetis'),
(68, 5, 'Kotagede'),
(69, 5, 'Kraton'),
(70, 5, 'Mantrijeron'),
(71, 5, 'Mergangsan'),
(72, 5, 'Ngampilan'),
(73, 5, 'Pakualaman'),
(74, 5, 'Tegalrejo'),
(75, 5, 'Umbulharjo'),
(76, 5, 'Wirobrajan');

-- --------------------------------------------------------

--
-- Struktur dari tabel `konten`
--

CREATE TABLE `konten` (
  `id_konten` int(11) NOT NULL,
  `judul` text COLLATE utf8mb4_unicode_ci NOT NULL,
  `keterangan` text COLLATE utf8mb4_unicode_ci NOT NULL,
  `gambar` text COLLATE utf8mb4_unicode_ci NOT NULL,
  `tanggal_post` datetime NOT NULL
) ENGINE=InnoDB DEFAULT CHARSET=utf8mb4 COLLATE=utf8mb4_unicode_ci;

--
-- Dumping data untuk tabel `konten`
--

INSERT INTO `konten` (`id_konten`, `judul`, `keterangan`, `gambar`, `tanggal_post`) VALUES
(1, 'Sri Sultan HB X Nyoblos di TPS 15 Panembahan Yogya', '17 April 2019, Sri Sultan HB X melakukan penjoblosan yang dilakukan di panembahan yogya.', 'kntn-04091419-HBX.jpg', '2019-04-17 09:14:19'),
(2, 'Operator Relawan Cakra19 Bidang Komunikasi D.I. Yogyakarta', 'Sedang melakukan rekapitulasi dokumen berupa foto dari masing-masing TPS yang ada di Yogyakarta, data diambil dari 5 kabupaten (Gunungkidul, Kulonprogo, bantul, sleman, Kota Yogyakarta). ', 'kntn-04011918-Operator.jpg', '2019-04-17 13:19:18'),
(3, 'Operator Relawan Cakra19 Bidang Komunikasi D.I. Yogyakarta', 'Sedang melakukan rekapitulasi dokumen berupa foto dari masing-masing TPS yang ada di Yogyakarta, data diambil dari 5 kabupaten (Gunungkidul, Kulonprogo, bantul, sleman, Kota Yogyakarta). #17 April 2019 ', 'kntn-04013454-operator1.jpg', '2019-04-17 13:34:54'),
(4, 'Pertemuan Relawan Cakra19 Bidang Komunikasi D.I. Yogyakarta', 'Melakukan pertemuan relawan cakra19 guna mensukseskan PEMILU 2019.', 'kntn-04103212-Kumpul1.jpg', '2019-04-17 22:32:12'),
(5, 'Persiapan Rapat terhadap KORLAP Relawan Cakra19 ', 'Rapat persiapan KORLAP (Koordinator Lapangan) yang dihadiri dari masing-masing perwakilan Koordinator kabupaten yang ditugasnya mengkoordinatorkan  masing-masing kabupaten untuk tanggal 17 April 2019.', 'kntn-04104014-Home1.jpg', '2019-04-17 22:40:14'),
(6, 'Penyamaan Teknis Lapangan KORLAP Relawan Cakra19', 'Dilakukan penyamaan teknis lapangan guna penyamaan teknis ketika hari H pemilihan PILPRES 2019', 'kntn-04104806-kumpul2.jpg', '2019-04-17 22:48:06');

-- --------------------------------------------------------

--
-- Struktur dari tabel `tps`
--

CREATE TABLE `tps` (
  `id_tps` int(11) NOT NULL,
  `id_kecamatan` int(11) NOT NULL,
  `nama_tps` text COLLATE utf8mb4_unicode_ci NOT NULL,
  `alamat` text COLLATE utf8mb4_unicode_ci NOT NULL
) ENGINE=InnoDB DEFAULT CHARSET=utf8mb4 COLLATE=utf8mb4_unicode_ci;

--
-- Dumping data untuk tabel `tps`
--

INSERT INTO `tps` (`id_tps`, `id_kecamatan`, `nama_tps`, `alamat`) VALUES
(6, 34, 'TPS 01 Tirtorahayu', 'alamat'),
(7, 34, 'TPS 02 Tirtorahayu', 'alamat'),
(8, 15, 'TPS 01 SEMIN', 'alamat'),
(9, 15, 'TPS 02 SEMIN', 'alamat'),
(10, 15, 'TPS 03 SEMIN', 'alamat'),
(11, 15, 'TPS 04 SEMIN', 'alamat'),
(12, 15, 'TPS 05 SEMIN', 'alamat'),
(13, 15, 'TPS 06 SEMIN', 'alamat'),
(14, 15, 'TPS 07 SEMIN', 'alamat'),
(15, 15, 'TPS 08 SEMIN', 'alamat'),
(16, 15, 'TPS 09 SEMIN', 'alamat'),
(17, 15, 'TPS 10 SEMIN', 'alamat'),
(18, 15, 'TPS 11 SEMIN', 'alamat'),
(19, 15, 'TPS 12 SEMIN', 'alamat'),
(20, 15, 'TPS 13 SEMIN', 'alamat'),
(21, 15, 'TPS 14 SEMIN', 'alamat'),
(22, 15, 'TPS 15 SEMIN', 'alamat'),
(23, 15, 'TPS 16 SEMIN', 'alamat'),
(24, 15, 'TPS 17 SEMIN', 'alamat'),
(25, 15, 'TPS 18 SEMIN', 'alamat'),
(26, 15, 'TPS 19 SEMIN', 'alamat'),
(27, 15, 'TPS 20 SEMIN', 'alamat'),
(28, 15, 'TPS 21 SEMIN', 'alamat'),
(29, 15, 'TPS 22 SEMIN', 'alamat'),
(30, 15, 'TPS 23 SEMIN', 'alamat'),
(31, 15, 'TPS 24 SEMIN', 'alamat'),
(32, 15, 'TPS 25 SEMIN', 'alamat'),
(33, 15, 'TPS 26 SEMIN', 'alamat'),
(34, 15, 'TPS 27 SEMIN', 'alamat'),
(35, 15, 'TPS 28 SEMIN', 'alamat'),
(36, 15, 'TPS 29 SEMIN', 'alamat'),
(37, 15, 'TPS 30 SEMIN', 'alamat'),
(38, 15, 'TPS 31 SEMIN', 'alamat'),
(39, 15, 'TPS 32 SEMIN', 'alamat'),
(40, 15, 'TPS 33 SEMIN', 'alamat'),
(41, 15, 'TPS 34 SEMIN', 'alamat'),
(42, 15, 'TPS 35 SEMIN', 'alamat'),
(43, 15, 'TPS 36 SEMIN', 'alamat'),
(44, 15, 'TPS 37 SEMIN', 'alamat'),
(45, 15, 'TPS 38 SEMIN', 'alamat'),
(46, 15, 'TPS 39 SEMIN', 'alamat'),
(47, 15, 'TPS 40 SEMIN', 'alamat'),
(48, 15, 'TPS 41 SEMIN', 'alamat'),
(49, 15, 'TPS 42 SEMIN', 'alamat'),
(51, 15, 'TPS 01 KEMEJING', 'alamat'),
(52, 15, 'TPS 02 KEMEJING', 'alamat'),
(53, 15, 'TPS 03 KEMEJING', 'alamat'),
(54, 15, 'TPS 04 KEMEJING', 'alamat'),
(55, 15, 'TPS 05 KEMEJING', 'alamat'),
(56, 15, 'TPS 06 KEMEJING', 'alamat'),
(57, 15, 'TPS 07 KEMEJING', 'alamat'),
(58, 15, 'TPS 08 KEMEJING', 'alamat'),
(59, 15, 'TPS 09 KEMEJING', 'alamat'),
(60, 15, 'TPS 10 KEMEJING', 'alamat'),
(61, 15, 'TPS 11 KEMEJING', 'alamat'),
(62, 15, 'TPS 12 KEMEJING', 'alamat'),
(63, 15, 'TPS 13 KEMEJING', 'alamat'),
(64, 15, 'TPS 14 KEMEJING', 'alamat'),
(65, 15, 'TPS 01 KALITEKUK', 'alamat'),
(66, 15, 'TPS 02 KALITEKUK', 'alamat'),
(67, 15, 'TPS 03 KALITEKUK', 'alamat'),
(68, 15, 'TPS 04 KALITEKUK', 'alamat'),
(69, 15, 'TPS 05 KALITEKUK', 'alamat'),
(70, 15, 'TPS 06 KALITEKUK', 'alamat'),
(71, 15, 'TPS 07 KALITEKUK', 'alamat'),
(72, 15, 'TPS 08 KALITEKUK', 'alamat'),
(73, 15, 'TPS 09 KALITEKUK', 'alamat'),
(74, 15, 'TPS 10 KALITEKUK', 'alamat'),
(75, 15, 'TPS 11 KALITEKUK', 'alamat'),
(76, 15, 'TPS 12 KALITEKUK', 'alamat'),
(77, 15, 'TPS 13 KALITEKUK', 'alamat'),
(78, 15, 'TPS 14 KALITEKUK', 'alamat'),
(79, 15, 'TPS 01 BULUREJO', 'alamat'),
(80, 15, 'TPS 02 BULUREJO', 'alamat'),
(81, 15, 'TPS 03 BULUREJO', 'alamat'),
(82, 30, 'TPS 10 SRIMARTANI', 'alamat'),
(83, 15, 'TPS 04 BULUREJO', 'alamat'),
(84, 15, 'TPS 05 BULUREJO', 'alamat'),
(85, 15, 'TPS 06 BULUREJO', 'alamat'),
(86, 15, 'TPS 07 BULUREJO', 'alamat'),
(87, 15, 'TPS 08 BULUREJO', 'alamat'),
(88, 15, 'TPS 09 BULUREJO', 'alamat'),
(89, 15, 'TPS 10 BULUREJO', 'alamat'),
(90, 15, 'TPS 11 BULUREJO', 'alamat'),
(91, 15, 'TPS 12 BULUREJO', 'alamat'),
(92, 15, 'TPS 13 BULUREJO', 'alamat'),
(93, 15, 'TPS 14 BULUREJO', 'alamat'),
(94, 15, 'TPS 01 BENDUNG', 'alamat'),
(95, 15, 'TPS 02 BENDUNG', 'alamat'),
(96, 15, 'TPS 03 BENDUNG', 'alamat'),
(97, 30, 'TPS 11 SRIMARTANI', 'alamat'),
(98, 15, 'TPS 04 BENDUNG', 'alamat'),
(99, 15, 'TPS 05 BENDUNG', 'alamat'),
(100, 15, 'TPS 06 BENDUNG', 'alamat'),
(101, 15, 'TPS 07 BENDUNG', 'alamat'),
(102, 15, 'TPS 08 BENDUNG', 'alamat'),
(103, 15, 'TPS 09 BENDUNG', 'alamat'),
(104, 15, 'TPS 10 BENDUNG', 'alamat'),
(105, 15, 'TPS 11 BENDUNG', 'alamat'),
(106, 15, 'TPS 12 BENDUNG', 'alamat'),
(107, 15, 'TPS 13 BENDUNG', 'alamat'),
(108, 15, 'TPS 14 BENDUNG', 'alamat'),
(109, 15, 'TPS 15 BENDUNG', 'alamat'),
(110, 30, 'TPS 12 SRIMARTANI', 'alamat'),
(111, 15, 'TPS 16 BENDUNG', 'alamat'),
(112, 30, 'TPS 13 SRIMARTANI', 'alamat'),
(114, 30, 'TPS 15 SRIMARTANI', 'alamat'),
(119, 30, 'TPS 14 SRIMARTANI', 'alamat'),
(120, 57, 'TPS 01 Candi Binangun', 'alamat'),
(123, 57, 'TPS 04 Candi Binangun', 'alamat'),
(124, 57, 'TPS 05 Candi Binangun', 'alamat'),
(126, 57, 'TPS 07 Candi Binangun', 'alamat'),
(129, 57, 'TPS 10 Candi Binangun', 'alamat'),
(130, 57, 'TPS 11 Candi Binangun', 'alamat'),
(131, 57, 'TPS 12 Candi Binangun', 'alamat'),
(132, 57, 'TPS 13 Candi Binangun', 'alamat'),
(133, 57, 'TPS 14 Candi Binangun', 'alamat'),
(134, 57, 'TPS 15 Candi Binangun', 'alamat'),
(135, 57, 'TPS 16 Candi Binangun', 'alamat'),
(136, 57, 'TPS 17 Candi Binangun', 'alamat'),
(137, 57, 'TPS 18 Candi Binangun', 'alamat'),
(138, 57, 'TPS 19 Candi Binangun', 'alamat'),
(139, 57, 'TPS 20 Candi Binangun', 'alamat'),
(140, 57, 'TPS 01 Hargobinangun', 'alamat'),
(141, 57, 'TPS 02 Hargobinangun', 'alamat'),
(142, 57, 'TPS 03 Hargobinangun', 'alamat'),
(143, 57, 'TPS 04 Hargobinangun', 'alamat'),
(144, 57, 'TPS 05 Hargobinangun', 'alamat'),
(145, 57, 'TPS 06 Hargobinangun', 'alamat'),
(146, 57, 'TPS 07 Hargobinangun', 'alamat'),
(147, 57, 'TPS 08 Hargobinangun', 'alamat'),
(148, 57, 'TPS 09 Hargobinangun', 'alamat'),
(149, 57, 'TPS 10 Hargobinangun', 'alamat'),
(150, 57, 'TPS 11 Hargobinangun', 'alamat'),
(151, 57, 'TPS 12 Hargobinangun', 'alamat'),
(152, 57, 'TPS 13 Hargobinangun', 'alamat'),
(153, 57, 'TPS 14 Hargobinangun', 'alamat'),
(154, 57, 'TPS 15 Hargobinangun', 'alamat'),
(155, 57, 'TPS 16 Hargobinangun', 'alamat'),
(156, 57, 'TPS 17 Hargobinangun', 'alamat'),
(157, 57, 'TPS 18 Hargobinangun', 'alamat'),
(158, 57, 'TPS 19 Hargobinangun', 'alamat'),
(159, 57, 'TPS 20 Hargobinangun', 'alamat'),
(160, 57, 'TPS 01 Harjobinangun', 'alamat'),
(161, 57, 'TPS 02 Harjobinangun', 'alamat'),
(162, 57, 'TPS 03 Harjobinangun', 'alamat'),
(163, 57, 'TPS 04 Harjobinangun', 'alamat'),
(164, 57, 'TPS 05 Harjobinangun', 'alamat'),
(165, 34, 'TPS 03 Tirtorahayu', 'alamat'),
(166, 57, 'TPS 06 Harjobinangun', 'alamat'),
(167, 57, 'TPS 07 Harjobinangun', 'alamat'),
(168, 34, 'TPS 04 Tirtorahayu', 'alamat'),
(169, 57, 'TPS 08 Harjobinangun', 'alamat'),
(170, 57, 'TPS 09 Harjobinangun', 'alamat'),
(171, 57, 'TPS 10 Harjobinangun', 'alamat'),
(172, 57, 'TPS 11 Harjobinangun', 'alamat'),
(173, 57, 'TPS 12 Harjobinangun', 'alamat'),
(174, 57, 'TPS 13 Harjobinangun', 'alamat'),
(175, 57, 'TPS 14 Harjobinangun', 'alamat'),
(176, 57, 'TPS 15 Harjobinangun', 'alamat'),
(177, 57, 'TPS 16 Harjobinangun', 'alamat'),
(178, 57, 'TPS 17 Harjobinangun', 'alamat'),
(179, 57, 'TPS 18 Harjobinangun', 'alamat'),
(180, 57, 'TPS 19 Harjobinangun', 'alamat'),
(181, 57, 'TPS 20 Harjobinangun', 'alamat'),
(182, 57, 'TPS 01 Pakembinangun', 'alamat'),
(183, 57, 'TPS 02 Pakembinangun', 'alamat'),
(184, 57, 'TPS 03 Pakembinangun', 'alamat'),
(185, 57, 'TPS 04 Pakembinangun', 'alamat'),
(186, 57, 'TPS 05 Pakembinangun', 'alamat'),
(187, 57, 'TPS 06 Pakembinangun', 'alamat'),
(188, 57, 'TPS 07 Pakembinangun', 'alamat'),
(189, 57, 'TPS 08 Pakembinangun', 'alamat'),
(190, 57, 'TPS 09 Pakembinangun', 'alamat'),
(191, 57, 'TPS 10 Pakembinangun', 'alamat'),
(192, 57, 'TPS 11 Pakembinangun', 'alamat'),
(193, 57, 'TPS 12 Pakembinangun', 'alamat'),
(194, 57, 'TPS 13 Pakembinangun', 'alamat'),
(195, 57, 'TPS 14 Pakembinangun', 'alamat'),
(196, 57, 'TPS 15 Pakembinangun', 'alamat'),
(197, 57, 'TPS 16 Pakembinangun', 'alamat'),
(198, 57, 'TPS 17 Pakembinangun', 'alamat'),
(199, 57, 'TPS 18 Pakembinangun', 'alamat'),
(200, 57, 'TPS 19 Pakembinangun', 'alamat'),
(201, 57, 'TPS 20 Pakembinangun', 'alamat'),
(202, 57, 'TPS 01 Purwobinangun', 'alamat'),
(203, 57, 'TPS 02 Purwobinangun', 'alamat'),
(204, 57, 'TPS 03 Purwobinangun', 'alamat'),
(205, 57, 'TPS 04 Purwobinangun', 'alamat'),
(206, 57, 'TPS 05 Purwobinangun', 'alamat'),
(207, 57, 'TPS 06 Purwobinangun', 'alamat'),
(208, 57, 'TPS 07 Purwobinangun', 'alamat'),
(209, 57, 'TPS 08 Purwobinangun', 'alamat'),
(211, 57, 'TPS 09 Purwobinangun', 'alamat'),
(212, 57, 'TPS 10 Purwobinangun', 'alamat'),
(213, 57, 'TPS 11 Purwobinangun', 'alamat'),
(214, 57, 'TPS 12 Purwobinangun', 'alamat'),
(215, 57, 'TPS 13 Purwobinangun', 'alamat'),
(216, 57, 'TPS 14 Purwobinangun', 'alamat'),
(217, 57, 'TPS 15 Purwobinangun', 'alamat'),
(218, 57, 'TPS 16 Purwobinangun', 'alamat'),
(219, 30, 'TPS 16 SRIMARTANI', 'alamat'),
(220, 57, 'TPS 17 Purwobinangun', 'alamat'),
(221, 30, 'TPS 17 SRIMARTANI', 'alamat'),
(222, 57, 'TPS 18 Purwobinangun', 'alamat'),
(223, 57, 'TPS 19 Purwobinangun', 'alamat'),
(224, 57, 'TPS 20 Purwobinangun', 'alamat'),
(225, 30, 'TPS 18 SRIMARTANI', 'alamat'),
(226, 30, 'TPS 36 SRIMARTANI', 'alamat'),
(227, 30, 'TPS 37 SRIMARTANI', 'alamat'),
(228, 27, 'TPS 01 GILANGHARJO', 'alamat'),
(229, 27, 'TPS 02 GILANGHARJO', 'alamat'),
(230, 27, 'TPS 03 GILANGHARJO ', 'alamat'),
(231, 27, 'TPS 04 GILANGHARJO', 'alamat'),
(232, 27, 'TPS 05 GILANGHARJO', 'alamat'),
(233, 27, 'TPS 06 GILANGHARJO', 'alamat'),
(234, 27, 'TPS 07 GILANGHARJO', 'alamat'),
(235, 27, 'TPS 08 GILANGHARJO', 'alamat'),
(238, 27, 'TPS 09 GILANGHARJO', 'alamat'),
(239, 27, 'TPS 10 GILANGHARJO', 'alamat'),
(240, 27, 'TPS 11 GILANGHARJO', 'alamat'),
(242, 27, 'TPS 12 GILANGHARJO', 'alamat'),
(243, 27, 'TPS 13 GILANGHARJO', 'alamat'),
(244, 27, 'TPS 14 GILANGHARJO', 'alamat'),
(245, 27, 'TPS 15 GILANGHARJO', 'alamat'),
(246, 27, 'TPS 16 GILANGHARJO', 'alamat'),
(247, 27, 'TPS 17 GILANGHARJO', 'alamat'),
(248, 27, 'TPS 18 GILANGHARJO', 'alamat'),
(249, 27, 'TPS 19 GILANGHARJO', 'alamat'),
(250, 27, 'TPS 20 GILANGHARJO', 'alamat'),
(251, 27, 'TPS 21 GILANGHARJO', 'alamat'),
(252, 27, 'TPS 22 GILANGHARJO', 'alamat'),
(253, 27, 'TPS 23 GILANGHARJO', 'alamat'),
(254, 27, 'TPS 24 GILANGHARJO', 'alamat'),
(255, 27, 'TPS 25 GILANGHARJO', 'alamat'),
(256, 27, 'TPS 26 GILANGHARJO', 'alamat'),
(257, 27, 'TPS 27 GILANGHARJO', 'alamat'),
(258, 27, 'TPS 28 GILANGHARJO', 'alamat'),
(259, 27, 'TPS 29 GILANGHARJO', 'alamat'),
(260, 27, 'TPS 30 GILANGHARJO', 'alamat'),
(261, 27, 'TPS 31 GILANGHARJO', 'alamat'),
(262, 27, 'TPS 32 GILANGHARJO', 'alamat'),
(263, 27, 'TPS 33 GILANGHARJO', 'alamat'),
(264, 27, 'TPS 34 GILANGHARJO', 'alamat'),
(265, 27, 'TPS 35 GILANGHARJO', 'alamat'),
(266, 27, 'TPS 36 GILANGHARJO', 'alamat'),
(267, 27, 'TPS 37 GILANGHARJO', 'alamat'),
(268, 27, 'TPS 38 GILANGHARJO', 'alamat'),
(269, 27, 'TPS 39 GILANGHARJO', 'alamat'),
(270, 27, 'TPS 40 GILANGHARJO', 'alamat'),
(271, 27, 'TPS 41 GILANGHARJO', 'alamat'),
(272, 27, 'TPS 42 GILANGHARJO', 'alamat'),
(273, 27, 'TPS 43 GILANGHARJO', 'alamat'),
(274, 27, 'TPS 44 GILANGHARJO', 'alamat'),
(275, 27, 'TPS 45 GILANGHARJO', 'alamat'),
(276, 27, 'TPS 46 GILANGHARJO', 'alamat'),
(277, 27, 'TPS 47 GILANGHARJO', 'alamat'),
(279, 27, 'TPS 48 GILANGHARJO', 'alamat'),
(280, 27, 'TPS 49 GILANGHARJO', 'alamat'),
(281, 27, 'TPS 50 GILANGHARJO', 'alamat'),
(282, 27, 'TPS 51 GILANGHARJO', 'alamat'),
(283, 27, 'TPS 52 GILANGHARJO', 'alamat'),
(284, 27, 'TPS 53 GILANGHARJO', 'alamat'),
(285, 19, 'TPS 01 TAMANAN', 'alamat'),
(286, 19, 'TPS 02 TAMANAN', 'alamat'),
(287, 19, 'TPS 03 TAMANAN', 'alamat'),
(288, 19, 'TPS 04 TAMANAN', 'alamat'),
(289, 19, 'TPS 05 TAMANAN', 'alamat'),
(290, 19, 'TPS 06 TAMANAN', 'alamat'),
(291, 19, 'TPS 07 TAMANAN', 'alamat'),
(292, 19, 'TPS 08 TAMANAN', 'alamat'),
(293, 19, 'TPS 09 TAMANAN', 'alamat'),
(294, 19, 'TPS 10 TAMANAN', 'alamat'),
(295, 19, 'TPS 11 TAMANAN', 'alamat'),
(296, 19, 'TPS 12 TAMANAN', 'alamat'),
(297, 34, 'TPS 05 Tirtorahayu', 'alamat'),
(298, 19, 'TPS 13 TAMANAN', 'alamat'),
(299, 34, 'TPS 06 Tirtorahayu', 'alamat'),
(300, 19, 'TPS 14 TAMANAN', 'alamat'),
(301, 19, 'TPS 15 TAMANAN', 'alamat'),
(302, 34, 'TPS 07 Tirtorahayu', 'alamat'),
(303, 19, 'TPS 16 TAMANAN', 'alamat'),
(304, 34, 'TPS 08 Tirtorahayu', 'alamat'),
(305, 19, 'TPS 17 TAMANAN', 'alamat'),
(306, 19, 'TPS 18 TAMANAN', 'alamat'),
(307, 19, 'TPS 19 TAMANAN', 'alamat'),
(308, 34, 'TPS 09 Tirtorahayu', 'alamat'),
(309, 19, 'TPS 20 TAMANAN', 'alamat'),
(310, 34, 'TPS 10Tirtorahayu', 'alamat'),
(311, 19, 'TPS 21 TAMANAN', 'alamat'),
(312, 34, 'TPS 11 Tirtorahayu', 'alamat'),
(313, 19, 'TPS 22 TAMANAN', 'alamat'),
(314, 34, 'TPS 12 Tirtorahayu', 'alamat'),
(315, 19, 'TPS 23 TAMANAN', 'alamat'),
(316, 19, 'TPS 24 TAMANAN', 'alamat'),
(317, 34, 'TPS 13 Tirtorahayu', 'alamat'),
(318, 34, 'TPS 14 Tirtorahayu', 'alamat'),
(319, 19, 'TPS 25 TAMANAN', 'alamat'),
(320, 34, 'TPS 15 Tirtorahayu', 'alamat'),
(321, 19, 'TPS 26 TAMANAN', 'alamat'),
(322, 19, 'TPS 27 TAMANAN', 'alamat'),
(323, 34, 'TPS 16 Tirtorahayu', 'alamat'),
(324, 19, 'TPS 28 TAMANAN', 'alamat'),
(325, 34, 'TPS 17 Tirtorahayu', 'alamat'),
(326, 19, 'TPS 29 TAMANAN', 'alamat'),
(327, 19, 'TPS 30 TAMANAN', 'alamat'),
(328, 34, 'TPS 18 Tirtorahayu', 'alamat'),
(329, 19, 'TPS 31 TAMANAN', 'alamat'),
(330, 34, 'TPS 19 Tirtorahayu', 'alamat'),
(331, 19, 'TPS 32 TAMANAN', 'alamat'),
(333, 19, 'TPS 34 TAMANAN', 'alamat'),
(334, 19, 'TPS 35 TAMANAN', 'alamat'),
(335, 19, 'TPS 36 TAMANAN', 'alamat'),
(336, 19, 'TPS 37 TAMANAN', 'alamat'),
(337, 34, 'TPS 05 Pandowan', 'alamat'),
(338, 34, 'TPS 06 Pandowan', 'alamat'),
(339, 34, 'TPS 10 Brosot', 'alamat'),
(340, 34, 'TPS 11 Brosot', 'alamat'),
(341, 45, 'TPS 01 Giri Peni', 'alamat'),
(342, 45, 'TPS 02 Giri Peni', 'alamat'),
(343, 45, 'TPS 03  Giri Peni', 'alamat'),
(344, 45, 'TPS 04  Giri Peni', 'alamat'),
(345, 45, 'TPS 05 Giri Peni', 'alamat'),
(346, 45, 'TPS 06 Giri Peni', 'alamat'),
(347, 45, 'TPS 07 Giri Peni', 'alamat'),
(348, 45, 'TPS 08 Giri Peni', 'alamat'),
(349, 45, 'TPS 09 Giri Peni', 'alamat'),
(350, 45, 'TPS 10 Giri Peni', 'alamat'),
(351, 45, 'TPS 11 Giri Peni', 'alamat'),
(352, 45, 'TPS 12 Giri Peni', 'alamat'),
(353, 45, 'TPS 13 Giri Peni', 'alamat'),
(354, 45, 'TPS 14 Giri Peni', 'alamat'),
(355, 45, 'TPS 15  Giri Peni', 'alamat'),
(356, 45, 'TPS 16 Giri Peni', 'alamat'),
(357, 45, 'TPS 17  Giri Peni', 'alamat'),
(358, 45, 'TPS 18 Giri Peni', 'alamat'),
(359, 45, 'TPS 19 Giri Peni', 'alamat'),
(360, 45, 'TPS 20 Giri Peni', 'alamat'),
(361, 45, 'TPS 21 Giri Peni', 'alamat'),
(362, 34, 'TPS 12 Banaran', 'alamat'),
(363, 34, 'TPS 13 Banaran', 'alamat'),
(364, 34, 'TPS 02 Kranggan', 'alamat'),
(365, 34, 'TPS 05 Karangsewu', 'alamat'),
(366, 34, 'TPS 06 Karangsewu', 'alamat'),
(367, 34, 'TPS 07 Karangsewu', 'alamat'),
(368, 34, 'TPS 08 Karangsewu', 'alamat'),
(369, 34, 'TPS 09 Karangsewu', 'alamat'),
(370, 34, 'TPS 11 Karangsewu', 'alamat'),
(371, 34, 'TPS 12 Karangsewu', 'alamat'),
(372, 34, 'TPS 16 Karangsewu', 'alamat'),
(373, 34, 'TPS 17 Karangsewu', 'alamat'),
(374, 34, 'TPS 19 Karangsewu', 'alamat'),
(375, 34, 'TPS 20 Karangsewu', 'alamat'),
(376, 34, 'TPS 21 Karangsewu', 'alamat'),
(377, 34, 'TPS 22 Karangsewu', 'alamat'),
(378, 34, 'TPS 23 Karangsewu', 'alamat'),
(379, 45, 'TPS 01 Bendungan', 'alamat'),
(380, 45, 'TPS 02 Bendungan', 'alamat'),
(381, 45, 'TPS 03 Bendungan', 'alamat'),
(382, 45, 'TPS 04  Bendungan', 'alamat'),
(383, 45, 'TPS 05 Bendungan', 'alamat'),
(384, 45, 'TPS 06 Bendungan', 'alamat'),
(385, 45, 'TPS 07 Bendungan', 'alamat'),
(386, 45, 'TPS 08  Bendungan', 'alamat'),
(387, 45, 'TPS 09  Bendungan', 'alamat'),
(388, 45, 'TPS 10 Bendungan', 'alamat'),
(389, 45, 'TPS 11 Bendungan', 'alamat'),
(390, 45, 'TPS 12 Bendungan', 'alamat'),
(391, 45, 'TPS 13 Bendungan', 'alamat'),
(392, 45, 'TPS 14 Bendungan', 'alamat'),
(393, 45, 'TPS 15  Bendungan', 'alamat'),
(394, 45, 'TPS 16 Bendungan', 'alamat'),
(395, 45, 'TPS 17  Bendungan', 'alamat'),
(396, 45, 'TPS 18 Bendungan', 'alamat'),
(397, 45, 'TPS 19 Bendungan', 'alamat'),
(399, 38, 'TPS 01 Gulurejo', 'alamat'),
(400, 38, 'TPS 02 Gulurejo', 'alamat'),
(401, 38, 'TPS 03 Gulurejo', 'alamat'),
(402, 38, 'TPS 04 Gulurejo', 'alamat'),
(403, 38, 'TPS 05 Gulurejo', 'alamat'),
(404, 38, 'TPS 06  Gulurejo', 'alamat'),
(405, 38, 'TPS 07 Gulurejo', 'alamat'),
(406, 38, 'TPS 08 Gulurejo', 'alamat'),
(407, 38, 'TPS 09 Gulurejo', 'alamat'),
(408, 38, 'TPS 10 Gulurejo', 'alamat'),
(409, 38, 'TPS 11 Gulurejo', 'alamat'),
(410, 38, 'TPS 12 Gulurejo', 'alamat'),
(411, 38, 'TPS 13 Gulurejo', 'alamat'),
(412, 38, 'TPS 14  Gulurejo', 'alamat'),
(413, 38, 'TPS  15 Gulurejo', 'alamat'),
(414, 38, 'TPS 16 Gulurejo', 'alamat'),
(415, 38, 'TPS 17 Gulurejo', 'alamat'),
(416, 38, 'TPS 18  Gulurejo', 'alamat'),
(417, 38, 'TPS 19 Gulurejo', 'alamat'),
(418, 38, 'TPS 20 Gulurejo', 'alamat'),
(422, 76, 'TPS 01 Patangpuluhan', 'alamat'),
(423, 76, 'TPS 02 Patangpuluhan', 'alamat'),
(424, 76, 'TPS 03 Patangpuluhan', 'alamat'),
(425, 76, 'TPS 04 Patangpuluhan', 'alamat'),
(426, 76, 'TPS 05 Patangpuluhan', 'alamat'),
(427, 76, 'TPS 06 Patangpuluhan', 'alamat'),
(428, 76, 'TPS 07 Patangpuluhan', 'alamat'),
(429, 76, 'TPS 08 Patangpuluhan', 'alamat'),
(430, 76, 'TPS 09 Patangpuluhan', 'alamat'),
(431, 76, 'TPS 10 Patangpuluhan', 'alamat'),
(432, 76, 'TPS 11 Patangpuluhan', 'alamat'),
(433, 76, 'TPS 12 Patangpuluhan', 'alamat'),
(434, 76, 'TPS 13 Patangpuluhan', 'alamat'),
(435, 76, 'TPS 14 Patangpuluhan', 'alamat'),
(436, 76, 'TPS 15 Patangpuluhan', 'alamat'),
(437, 76, 'TPS 16 Patangpuluhan', 'alamat'),
(438, 76, 'TPS 17 Patangpuluhan', 'alamat'),
(439, 69, 'TPS 01 Panembahan', 'alamat'),
(440, 69, 'TPS 02 Panembahan', 'alamat'),
(441, 69, 'TPS 03 Panembahan', 'alamat'),
(443, 69, 'TPS 04 Panembahan', 'alamat'),
(444, 69, 'TPS 05 Panembahan', 'alamat'),
(445, 69, 'TPS 06 Panembahan', 'alamat'),
(446, 69, 'TPS 07 Panembahan', 'alamat'),
(447, 69, 'TPS 08 Panembahan', 'alamat'),
(448, 69, 'TPS 09 Panembahan', 'alamat'),
(449, 69, 'TPS 10 Panembahan', 'alamat'),
(450, 69, 'TPS 11 Panembahan', 'alamat'),
(451, 69, 'TPS 12 Panembahan', 'alamat'),
(452, 69, 'TPS 13 Panembahan', 'alamat'),
(453, 69, 'TPS 14 Panembahan', 'alamat'),
(454, 69, 'TPS 15 Panembahan', 'alamat'),
(455, 69, 'TPS 16 Panembahan', 'alamat'),
(456, 69, 'TPS  17 Panembahan', 'alamat'),
(457, 69, 'TPS 18 Panembahan', 'alamat'),
(458, 69, 'TPS 19 Panembahan', 'alamat'),
(459, 69, 'TPS 20 Panembahan', 'alamat'),
(460, 69, 'TPS 21 Panembahan', 'alamat'),
(461, 69, 'TPS 22 Panembahan', 'alamat'),
(462, 69, 'TPS 23 Panembahan', 'alamat'),
(463, 69, 'TPS 24 Panembahan', 'alamat'),
(464, 69, 'TPS 25 Panembahan', 'alamat'),
(465, 69, 'TPS 26 Panembahan', 'alamat'),
(466, 69, 'TPS 27 Panembahan', 'alamat'),
(467, 69, 'TPS 28 Panembahan', 'alamat'),
(468, 69, 'TPS 29 Panembahan', 'alamat'),
(469, 69, 'TPS 30 Panembahan', 'alamat'),
(470, 69, 'TPS 31 Panembahan', 'alamat'),
(471, 69, 'TPS 32 Panembahan', 'alamat'),
(472, 69, 'TPS 33 Panembahan', 'alamat'),
(473, 69, 'TPS 34 Panembahan', 'alamat'),
(474, 69, 'TPS 35 Panembahan', 'alamat'),
(475, 69, 'TPS 01 Kadipaten', 'alamat'),
(476, 69, 'TPS 02 Kadipaten', 'alamat'),
(477, 69, 'TPS 03 Kadipaten', 'alamat'),
(478, 69, 'TPS 04 Kadipaten', 'alamat'),
(479, 69, 'TPS 05 Kadipaten', 'alamat'),
(480, 69, 'TPS 06 Kadipaten', 'alamat'),
(481, 69, 'TPS 07 Kadipaten', 'alamat'),
(482, 69, 'TPS 08 Kadipaten', 'alamat'),
(483, 69, 'TPS 09 Kadipaten', 'alamat'),
(484, 69, 'TPS 10 Kadipaten', 'alamat'),
(485, 69, 'TPS 11 Kadipaten', 'alamat'),
(486, 69, 'TPS 12 Kadipaten', 'alamat'),
(487, 69, 'TPS 13 Kadipaten', 'alamat'),
(488, 69, 'TPS 14 Kadipaten', 'alamat'),
(489, 69, 'TPS 15 Kadipaten', 'alamat'),
(490, 69, 'TPS 16 Kadipaten', 'alamat'),
(491, 69, 'TPS 17 Kadipaten', 'alamat'),
(492, 69, 'TPS 18 Kadipaten', 'alamat'),
(493, 69, 'TPS 19 Kadipaten', 'alamat'),
(494, 69, 'TPS 20 Kadipaten', 'alamat'),
(495, 69, 'TPS 21 Kadipaten', 'alamat'),
(496, 69, 'TPS 22 Kadipaten', 'alamat'),
(497, 69, 'TPS 23 Kadipaten', 'alamat'),
(498, 69, 'TPS 24 Kadipaten', 'alamat'),
(499, 69, 'TPS 25 Kadipaten', 'alamat'),
(500, 69, 'TPS 26 Kadipaten', 'alamat'),
(501, 69, 'TPS 27 Kadipaten', 'alamat'),
(502, 69, 'TPS 01 Patehan', 'alamat'),
(503, 69, 'TPS 02 Patehan', 'alamat'),
(504, 69, 'TPS 03 Patehan', 'alamat'),
(505, 69, 'TPS 04 Patehan', 'alamat'),
(506, 69, 'TPS 05 Patehan', 'alamat'),
(507, 69, 'TPS 06 Patehan', 'alamat'),
(508, 69, 'TPS 07 Patehan', 'alamat'),
(509, 69, 'TPS 08 Patehan', 'alamat'),
(510, 69, 'TPS 09 Patehan', 'alamat'),
(511, 69, 'TPS 10 Patehan', 'alamat'),
(512, 69, 'TPS 11 Patehan', 'alamat'),
(513, 69, 'TPS 12 Patehan', 'alamat'),
(514, 69, 'TPS 13 Patehan', 'alamat'),
(515, 69, 'TPS 14 Patehan', 'alamat'),
(516, 69, 'TPS 15 Patehan', 'alamat'),
(517, 69, 'TPS 16 Patehan', 'alamat'),
(518, 69, 'TPS 17 Patehan', 'alamat'),
(519, 69, 'TPS 18 Patehan', 'alamat'),
(520, 69, 'TPS 19 Patehan', 'alamat'),
(521, 69, 'TPS 20 Patehan', 'alamat'),
(522, 69, 'TPS 21 Patehan', 'alamat'),
(524, 48, 'TPS 102 Condong Catur', 'alamat'),
(525, 48, 'TPS 83 Condong Catur', 'alamat'),
(526, 48, 'TPS 018 Condong Catur', 'alamat'),
(527, 48, 'TPS 034 Condong Catur', 'alamat'),
(528, 48, 'TPS 94 Condong Catur', 'alamat'),
(529, 48, 'TPS 013 Condong Catur', 'alamat'),
(530, 48, 'TPS 66 Condong Catur', 'alamat'),
(531, 48, 'TPS 073 Condong Catur', 'alamat'),
(532, 48, 'TPS 60 Condong Catur', 'alamat'),
(533, 48, 'TPS 06 Condong Catur', 'alamat'),
(534, 48, 'TPS 014 Condong Catur', 'alamat'),
(535, 48, 'TPS 123 Condong Catur', 'alamat'),
(536, 48, 'TPS 12 Condong Catur', 'alamat'),
(537, 48, 'TPS 106 Condong Catur', 'alamat'),
(538, 48, 'TPS 99 Condong Catur', 'alamat'),
(539, 48, 'TPS 107 Condong Catur', 'alamat'),
(540, 48, 'TPS 103 Condong Catur', 'alamat'),
(541, 48, 'TPS 89 Condong Catur', 'alamat'),
(542, 48, 'TPS 84 Condong Catur', 'alamat'),
(543, 48, 'TPS 108 Condong Catur', 'alamat'),
(544, 48, 'TPS 59 Condong Catur', 'alamat'),
(545, 48, 'TPS 42 Condong Catur', 'alamat'),
(546, 48, 'TPS 97 Condong Catur', 'alamat'),
(547, 48, 'TPS 014 Condong Catur', 'alamat'),
(548, 48, 'TPS 64 Condong Catur', 'alamat'),
(549, 48, 'TPS 133 Condong Catur', 'alamat'),
(550, 48, 'TPS 08 Condong Catur', 'alamat'),
(551, 48, 'TPS 88 Condong Catur', 'alamat'),
(552, 48, 'TPS 29 Condong Catur', 'alamat'),
(553, 48, 'TPS 24 Condong Catur', 'alamat'),
(556, 48, 'TPS 28 Condong Catur', 'alamat'),
(557, 48, 'TPS 05 Condong Catur', 'alamat'),
(558, 48, 'TPS 22 Condong Catur', 'alamat'),
(559, 48, 'TPS 053 Condong Catur', 'alamat'),
(560, 48, 'TPS 33 Condong Catur', 'alamat'),
(562, 48, 'TPS 86 Condong Catur', 'alamat'),
(563, 48, 'TPS 32 Condong Catur', 'alamat'),
(564, 48, 'TPS 96 Condong Catur', 'alamat'),
(565, 48, 'TPS 98 Condong Catur', 'alamat'),
(566, 48, 'TPS 95 Condong Catur', 'alamat'),
(567, 48, 'TPS 71 Condong Catur', 'alamat'),
(568, 48, 'TPS 124 Condong Catur', 'alamat'),
(569, 56, 'TPS 03 Wedomarteni', 'alamat'),
(570, 56, 'TPS 10 Wedomarteni', 'alamat'),
(571, 62, 'TPS 17 Wonokerto', 'alamat'),
(572, 57, 'TPS 21 Purwobinangun', 'alamat'),
(573, 57, 'TPS 24 Purwobinangun', 'alamat'),
(574, 57, 'TPS 25 Purwobinangun', 'alamat'),
(575, 57, 'TPS 27 Purwobinangun', 'alamat'),
(576, 57, 'TPS 29 Purwobinangun', 'alamat'),
(577, 57, 'TPS 30 Purwobinangun', 'alamat');

--
-- Trigger `tps`
--
DELIMITER $$
CREATE TRIGGER `inNull` AFTER INSERT ON `tps` FOR EACH ROW INSERT INTO activity SET
 id_tps = new.id_tps,
 suara_1 = 0,
 suara_2 = 0,
 jam = NOW()
$$
DELIMITER ;

--
-- Indexes for dumped tables
--

--
-- Indeks untuk tabel `activity`
--
ALTER TABLE `activity`
  ADD PRIMARY KEY (`id_activity`),
  ADD KEY `id_tps` (`id_tps`);

--
-- Indeks untuk tabel `admin`
--
ALTER TABLE `admin`
  ADD PRIMARY KEY (`id_admin`);

--
-- Indeks untuk tabel `foto`
--
ALTER TABLE `foto`
  ADD PRIMARY KEY (`id_foto`),
  ADD KEY `id_tps` (`id_tps`);

--
-- Indeks untuk tabel `kabupaten`
--
ALTER TABLE `kabupaten`
  ADD PRIMARY KEY (`id_kabupaten`);

--
-- Indeks untuk tabel `kecamatan`
--
ALTER TABLE `kecamatan`
  ADD PRIMARY KEY (`id_kecamatan`),
  ADD KEY `id_kabupaten` (`id_kabupaten`);

--
-- Indeks untuk tabel `konten`
--
ALTER TABLE `konten`
  ADD PRIMARY KEY (`id_konten`);

--
-- Indeks untuk tabel `tps`
--
ALTER TABLE `tps`
  ADD PRIMARY KEY (`id_tps`),
  ADD KEY `id_kabupaten` (`id_kecamatan`);

--
-- AUTO_INCREMENT untuk tabel yang dibuang
--

--
-- AUTO_INCREMENT untuk tabel `activity`
--
ALTER TABLE `activity`
  MODIFY `id_activity` int(11) NOT NULL AUTO_INCREMENT, AUTO_INCREMENT=1095;

--
-- AUTO_INCREMENT untuk tabel `admin`
--
ALTER TABLE `admin`
  MODIFY `id_admin` int(11) NOT NULL AUTO_INCREMENT, AUTO_INCREMENT=7;

--
-- AUTO_INCREMENT untuk tabel `foto`
--
ALTER TABLE `foto`
  MODIFY `id_foto` int(11) NOT NULL AUTO_INCREMENT, AUTO_INCREMENT=596;

--
-- AUTO_INCREMENT untuk tabel `kabupaten`
--
ALTER TABLE `kabupaten`
  MODIFY `id_kabupaten` int(11) NOT NULL AUTO_INCREMENT, AUTO_INCREMENT=6;

--
-- AUTO_INCREMENT untuk tabel `kecamatan`
--
ALTER TABLE `kecamatan`
  MODIFY `id_kecamatan` int(11) NOT NULL AUTO_INCREMENT, AUTO_INCREMENT=77;

--
-- AUTO_INCREMENT untuk tabel `konten`
--
ALTER TABLE `konten`
  MODIFY `id_konten` int(11) NOT NULL AUTO_INCREMENT, AUTO_INCREMENT=7;

--
-- AUTO_INCREMENT untuk tabel `tps`
--
ALTER TABLE `tps`
  MODIFY `id_tps` int(11) NOT NULL AUTO_INCREMENT, AUTO_INCREMENT=578;

--
-- Ketidakleluasaan untuk tabel pelimpahan (Dumped Tables)
--

--
-- Ketidakleluasaan untuk tabel `activity`
--
ALTER TABLE `activity`
  ADD CONSTRAINT `activity_ibfk_1` FOREIGN KEY (`id_tps`) REFERENCES `tps` (`id_tps`);

--
-- Ketidakleluasaan untuk tabel `foto`
--
ALTER TABLE `foto`
  ADD CONSTRAINT `foto_ibfk_1` FOREIGN KEY (`id_tps`) REFERENCES `tps` (`id_tps`);

--
-- Ketidakleluasaan untuk tabel `kecamatan`
--
ALTER TABLE `kecamatan`
  ADD CONSTRAINT `kecamatan_ibfk_1` FOREIGN KEY (`id_kabupaten`) REFERENCES `kabupaten` (`id_kabupaten`);

--
-- Ketidakleluasaan untuk tabel `tps`
--
ALTER TABLE `tps`
  ADD CONSTRAINT `tps_ibfk_1` FOREIGN KEY (`id_kecamatan`) REFERENCES `kecamatan` (`id_kecamatan`);
COMMIT;

/*!40101 SET CHARACTER_SET_CLIENT=@OLD_CHARACTER_SET_CLIENT */;
/*!40101 SET CHARACTER_SET_RESULTS=@OLD_CHARACTER_SET_RESULTS */;
/*!40101 SET COLLATION_CONNECTION=@OLD_COLLATION_CONNECTION */;
